id,ip,port,loc_country,zip,protocol,ts,times,is_attack
1,185.104.187.66,80,HU,1012,HTTP,2018-02-18 00:26:31,1,0
2,184.3.91.65,80,US,27559,HTTP,2018-02-18 00:34:03,1,0
3,159.203.92.77,80,US,7014,HTTP,2018-02-18 00:43:47,1,0
4,184.3.91.65,80,US,27559,HTTP,2018-02-18 00:51:07,2,0
5,184.3.91.65,80,US,27559,HTTP,2018-02-18 00:51:08,12,0
6,184.3.91.65,80,US,27559,HTTP,2018-02-18 00:51:09,13,0
7,184.3.91.65,80,US,27559,HTTP,2018-02-18 00:51:10,2,0
8,184.3.91.65,80,US,27559,HTTP,2018-02-18 00:51:11,15,0
9,184.3.91.65,80,US,27559,HTTP,2018-02-18 00:51:12,2,0
10,184.3.91.65,80,US,27559,HTTP,2018-02-18 00:51:23,10,0
11,184.3.91.65,80,US,27559,HTTP,2018-02-18 00:51:24,11,0
12,184.3.91.65,80,US,27559,HTTP,2018-02-18 00:51:25,18,1
13,184.3.91.65,80,US,27559,HTTP,2018-02-18 00:51:26,11,0
14,184.3.91.65,80,US,27559,HTTP,2018-02-18 00:51:27,4,0
15,184.3.91.65,80,US,27559,HTTP,2018-02-18 00:51:28,7,0
16,184.3.91.65,80,US,27559,HTTP,2018-02-18 00:51:29,7,0
17,184.3.91.65,80,US,27559,HTTP,2018-02-18 00:51:30,9,0
18,184.3.91.65,80,US,27559,HTTP,2018-02-18 00:51:31,8,0
19,184.3.91.65,80,US,27559,HTTP,2018-02-18 00:51:32,5,0
20,184.3.91.65,80,US,27559,HTTP,2018-02-18 00:51:34,2,0
21,184.3.91.65,80,US,27559,HTTP,2018-02-18 00:51:37,4,0
22,184.3.91.65,80,US,27559,HTTP,2018-02-18 00:51:38,16,1
23,184.3.91.65,80,US,27559,HTTP,2018-02-18 00:51:39,10,0
24,184.3.91.65,80,US,27559,HTTP,2018-02-18 00:51:40,3,0
25,184.3.91.65,80,US,27559,HTTP,2018-02-18 00:51:41,11,0
26,184.3.91.65,80,US,27559,HTTP,2018-02-18 00:51:42,10,0
27,184.3.91.65,80,US,27559,HTTP,2018-02-18 00:51:43,15,0
28,184.3.91.65,80,US,27559,HTTP,2018-02-18 00:51:44,9,0
29,184.3.91.65,80,US,27559,HTTP,2018-02-18 00:51:45,5,0
30,184.3.91.65,80,US,27559,HTTP,2018-02-18 00:51:46,3,0
32,107.170.186.79,80,US,10011,HTTP,2018-02-18 01:02:36,1,0
33,184.3.91.65,80,US,27559,HTTP,2018-02-18 01:06:13,8,0
34,184.3.91.65,80,US,27559,HTTP,2018-02-18 01:06:14,14,0
35,184.3.91.65,80,US,27559,HTTP,2018-02-18 01:06:15,5,0
36,184.3.91.65,80,US,27559,HTTP,2018-02-18 01:06:16,3,0
37,184.3.91.65,80,US,27559,HTTP,2018-02-18 01:06:17,1,0
38,184.3.91.65,80,US,27559,HTTP,2018-02-18 01:06:18,9,0
39,184.3.91.65,80,US,27559,HTTP,2018-02-18 01:06:19,1,0
40,184.3.91.65,80,US,27559,HTTP,2018-02-18 01:06:20,15,0
41,184.3.91.65,80,US,27559,HTTP,2018-02-18 01:06:21,6,0
42,184.3.91.65,80,US,27559,HTTP,2018-02-18 01:06:22,4,0
43,184.3.91.65,80,US,27559,HTTP,2018-02-18 01:06:23,9,0
44,184.3.91.65,80,US,27559,HTTP,2018-02-18 01:06:25,5,0
45,184.3.91.65,80,US,27559,HTTP,2018-02-18 01:06:26,5,0
46,184.3.91.65,80,US,27559,HTTP,2018-02-18 01:06:27,6,0
47,184.3.91.65,80,US,27559,HTTP,2018-02-18 01:06:28,5,0
48,184.3.91.65,80,US,27559,HTTP,2018-02-18 01:06:29,6,0
49,184.3.91.65,80,US,27559,HTTP,2018-02-18 01:06:30,2,0
50,184.3.91.65,80,US,27559,HTTP,2018-02-18 01:06:31,1,0
51,184.3.91.65,80,US,27559,HTTP,2018-02-18 01:06:32,6,0
52,184.3.91.65,80,US,27559,HTTP,2018-02-18 01:06:33,1,0
53,184.3.91.65,80,US,27559,HTTP,2018-02-18 01:06:34,3,0
54,184.3.91.65,80,US,27559,HTTP,2018-02-18 01:06:35,3,0
55,184.3.91.65,80,US,27559,HTTP,2018-02-18 01:06:36,3,0
56,184.3.91.65,80,US,27559,HTTP,2018-02-18 01:06:38,6,0
57,184.3.91.65,80,US,27559,HTTP,2018-02-18 01:06:40,3,0
58,184.3.91.65,80,US,27559,HTTP,2018-02-18 01:06:41,1,0
59,184.3.91.65,80,US,27559,HTTP,2018-02-18 01:06:42,4,0
60,184.3.91.65,80,US,27559,HTTP,2018-02-18 01:06:43,5,0
61,184.3.91.65,80,US,27559,HTTP,2018-02-18 01:06:44,5,0
62,184.3.91.65,80,US,27559,HTTP,2018-02-18 01:06:45,4,0
63,184.3.91.65,80,US,27559,HTTP,2018-02-18 01:06:46,3,0
64,184.3.91.65,80,US,27559,HTTP,2018-02-18 01:06:47,1,0
65,184.3.91.65,80,US,27559,HTTP,2018-02-18 01:06:48,1,0
66,184.3.91.65,80,US,27559,HTTP,2018-02-18 01:06:49,5,0
67,184.3.91.65,80,US,27559,HTTP,2018-02-18 01:06:51,2,0
68,184.3.91.65,80,US,27559,HTTP,2018-02-18 01:06:52,2,0
69,184.3.91.65,80,US,27559,HTTP,2018-02-18 01:06:53,3,0
70,184.3.91.65,80,US,27559,HTTP,2018-02-18 01:06:54,6,0
71,184.3.91.65,80,US,27559,HTTP,2018-02-18 01:06:56,2,0
72,184.3.91.65,80,US,27559,HTTP,2018-02-18 01:06:57,1,0
73,184.3.91.65,80,US,27559,HTTP,2018-02-18 01:06:58,3,0
74,184.3.91.65,80,US,27559,HTTP,2018-02-18 01:06:59,4,0
75,184.3.91.65,80,US,27559,HTTP,2018-02-18 01:07:00,3,0
76,184.3.91.65,80,US,27559,HTTP,2018-02-18 01:07:01,1,0
77,184.3.91.65,80,US,27559,HTTP,2018-02-18 01:07:02,3,0
78,184.3.91.65,80,US,27559,HTTP,2018-02-18 01:07:03,3,0
79,184.3.91.65,80,US,27559,HTTP,2018-02-18 01:07:04,2,0
80,184.3.91.65,80,US,27559,HTTP,2018-02-18 01:07:05,7,0
81,184.3.91.65,80,US,27559,HTTP,2018-02-18 01:07:06,2,0
82,184.3.91.65,80,US,27559,HTTP,2018-02-18 01:07:07,2,0
83,184.3.91.65,80,US,27559,HTTP,2018-02-18 01:07:08,2,0
84,184.3.91.65,80,US,27559,HTTP,2018-02-18 01:07:09,1,0
85,184.3.91.65,80,US,27559,HTTP,2018-02-18 01:07:10,3,0
86,184.3.91.65,80,US,27559,HTTP,2018-02-18 01:07:11,2,0
87,184.3.91.65,80,US,27559,HTTP,2018-02-18 01:07:12,2,0
88,184.3.91.65,80,US,27559,HTTP,2018-02-18 01:07:13,1,0
89,184.3.91.65,80,US,27559,HTTP,2018-02-18 01:07:14,3,0
90,184.3.91.65,80,US,27559,HTTP,2018-02-18 01:07:15,1,0
91,184.3.91.65,80,US,27559,HTTP,2018-02-18 01:07:16,3,0
92,184.3.91.65,80,US,27559,HTTP,2018-02-18 01:07:17,2,0
93,184.3.91.65,80,US,27559,HTTP,2018-02-18 01:07:19,6,0
94,184.3.91.65,80,US,27559,HTTP,2018-02-18 01:07:20,1,0
95,184.3.91.65,80,US,27559,HTTP,2018-02-18 01:07:21,4,0
96,184.3.91.65,80,US,27559,HTTP,2018-02-18 01:07:22,2,0
97,184.3.91.65,80,US,27559,HTTP,2018-02-18 01:07:23,2,0
98,184.3.91.65,80,US,27559,HTTP,2018-02-18 01:07:24,6,0
99,184.3.91.65,80,US,27559,HTTP,2018-02-18 01:07:25,4,0
100,184.3.91.65,80,US,27559,HTTP,2018-02-18 01:07:26,2,0
101,184.3.91.65,80,US,27559,HTTP,2018-02-18 01:07:27,9,0
102,184.3.91.65,80,US,27559,HTTP,2018-02-18 01:07:28,3,0
103,184.3.91.65,80,US,27559,HTTP,2018-02-18 01:07:29,3,0
104,184.3.91.65,80,US,27559,HTTP,2018-02-18 01:07:30,3,0
105,184.3.91.65,80,US,27559,HTTP,2018-02-18 01:07:31,6,0
106,184.3.91.65,80,US,27559,HTTP,2018-02-18 01:07:32,1,0
107,184.3.91.65,80,US,27559,HTTP,2018-02-18 01:07:33,2,0
108,184.3.91.65,80,US,27559,HTTP,2018-02-18 01:07:34,5,0
109,184.3.91.65,80,US,27559,HTTP,2018-02-18 01:07:36,5,0
110,184.3.91.65,80,US,27559,HTTP,2018-02-18 01:07:37,2,0
111,184.3.91.65,80,US,27559,HTTP,2018-02-18 01:07:38,2,0
112,184.3.91.65,80,US,27559,HTTP,2018-02-18 01:07:39,3,0
113,184.3.91.65,80,US,27559,HTTP,2018-02-18 01:07:40,5,0
114,184.3.91.65,80,US,27559,HTTP,2018-02-18 01:07:41,1,0
115,184.3.91.65,80,US,27559,HTTP,2018-02-18 01:07:42,6,0
116,184.3.91.65,80,US,27559,HTTP,2018-02-18 01:07:43,4,0
117,184.3.91.65,80,US,27559,HTTP,2018-02-18 01:07:44,1,0
118,184.3.91.65,80,US,27559,HTTP,2018-02-18 01:07:45,2,0
119,184.3.91.65,80,US,27559,HTTP,2018-02-18 01:07:46,3,0
120,184.3.91.65,80,US,27559,HTTP,2018-02-18 01:07:47,3,0
121,184.3.91.65,80,US,27559,HTTP,2018-02-18 01:07:48,5,0
122,184.3.91.65,80,US,27559,HTTP,2018-02-18 01:07:50,3,0
123,184.3.91.65,80,US,27559,HTTP,2018-02-18 01:07:51,2,0
124,184.3.91.65,80,US,27559,HTTP,2018-02-18 01:07:53,2,0
125,184.3.91.65,80,US,27559,HTTP,2018-02-18 01:07:54,4,0
126,184.3.91.65,80,US,27559,HTTP,2018-02-18 01:07:55,4,0
127,184.3.91.65,80,US,27559,HTTP,2018-02-18 01:07:56,1,0
128,184.3.91.65,80,US,27559,HTTP,2018-02-18 01:07:57,1,0
129,184.3.91.65,80,US,27559,HTTP,2018-02-18 01:07:58,4,0
130,184.3.91.65,80,US,27559,HTTP,2018-02-18 01:07:59,1,0
131,184.3.91.65,80,US,27559,HTTP,2018-02-18 01:08:00,4,0
132,184.3.91.65,80,US,27559,HTTP,2018-02-18 01:08:01,8,0
133,184.3.91.65,80,US,27559,HTTP,2018-02-18 01:08:03,3,0
134,184.3.91.65,80,US,27559,HTTP,2018-02-18 01:08:04,2,0
135,184.3.91.65,80,US,27559,HTTP,2018-02-18 01:08:05,6,0
136,184.3.91.65,80,US,27559,HTTP,2018-02-18 01:08:06,3,0
137,184.3.91.65,80,US,27559,HTTP,2018-02-18 01:08:07,5,0
138,184.3.91.65,80,US,27559,HTTP,2018-02-18 01:08:08,3,0
139,184.3.91.65,80,US,27559,HTTP,2018-02-18 01:08:09,3,0
140,184.3.91.65,80,US,27559,HTTP,2018-02-18 01:08:10,5,0
141,184.3.91.65,80,US,27559,HTTP,2018-02-18 01:08:11,3,0
142,184.3.91.65,80,US,27559,HTTP,2018-02-18 01:08:12,10,0
143,184.3.91.65,80,US,27559,HTTP,2018-02-18 01:08:13,4,0
144,184.3.91.65,80,US,27559,HTTP,2018-02-18 01:08:14,5,0
145,184.3.91.65,80,US,27559,HTTP,2018-02-18 01:08:15,4,0
146,184.3.91.65,80,US,27559,HTTP,2018-02-18 01:08:16,5,0
147,184.3.91.65,80,US,27559,HTTP,2018-02-18 01:08:17,4,0
148,184.3.91.65,80,US,27559,HTTP,2018-02-18 01:08:18,6,0
149,184.3.91.65,80,US,27559,HTTP,2018-02-18 01:08:19,1,0
150,184.3.91.65,80,US,27559,HTTP,2018-02-18 01:08:22,1,0
151,182.190.52.112,80,PK,46000,HTTP,2018-02-18 01:25:50,7,0
152,182.190.52.112,80,PK,46000,HTTP,2018-02-18 01:25:51,28,1
153,182.190.52.112,80,PK,46000,HTTP,2018-02-18 01:25:52,13,0
154,182.190.52.112,80,PK,46000,HTTP,2018-02-18 01:25:53,16,1
155,182.190.52.112,80,PK,46000,HTTP,2018-02-18 01:25:54,12,0
156,182.190.52.112,80,PK,46000,HTTP,2018-02-18 01:25:55,23,1
157,182.190.52.112,80,PK,46000,HTTP,2018-02-18 01:25:56,16,1
158,182.190.52.112,80,PK,46000,HTTP,2018-02-18 01:25:58,29,1
159,182.190.52.112,80,PK,46000,HTTP,2018-02-18 01:25:59,29,1
160,182.190.52.112,80,PK,46000,HTTP,2018-02-18 01:26:00,25,1
161,182.190.52.112,80,PK,46000,HTTP,2018-02-18 01:26:01,20,1
162,182.190.52.112,80,PK,46000,HTTP,2018-02-18 01:26:02,21,1
163,182.190.52.112,80,PK,46000,HTTP,2018-02-18 01:26:03,26,1
164,182.190.52.112,80,PK,46000,HTTP,2018-02-18 01:26:04,23,1
165,182.190.52.112,80,PK,46000,HTTP,2018-02-18 01:26:05,27,1
166,182.190.52.112,80,PK,46000,HTTP,2018-02-18 01:26:06,25,1
167,182.190.52.112,80,PK,46000,HTTP,2018-02-18 01:26:07,28,1
168,182.190.52.112,80,PK,46000,HTTP,2018-02-18 01:26:08,21,1
169,182.190.52.112,80,PK,46000,HTTP,2018-02-18 01:26:09,26,1
170,182.190.52.112,80,PK,46000,HTTP,2018-02-18 01:26:10,26,1
171,182.190.52.112,80,PK,46000,HTTP,2018-02-18 01:26:11,21,1
172,182.190.52.112,80,PK,46000,HTTP,2018-02-18 01:26:12,21,1
173,182.190.52.112,80,PK,46000,HTTP,2018-02-18 01:26:13,17,1
174,182.190.52.112,80,PK,46000,HTTP,2018-02-18 01:26:14,33,1
175,182.190.52.112,80,PK,46000,HTTP,2018-02-18 01:26:15,33,1
176,182.190.52.112,80,PK,46000,HTTP,2018-02-18 01:26:16,18,1
177,182.190.52.112,80,PK,46000,HTTP,2018-02-18 01:26:17,15,0
178,182.190.52.112,80,PK,46000,HTTP,2018-02-18 01:26:18,19,1
179,182.190.52.112,80,PK,46000,HTTP,2018-02-18 01:26:19,33,1
180,182.190.52.112,80,PK,46000,HTTP,2018-02-18 01:26:20,27,1
181,182.190.52.112,80,PK,46000,HTTP,2018-02-18 01:26:21,20,1
182,182.190.52.112,80,PK,46000,HTTP,2018-02-18 01:26:22,34,1
183,182.190.52.112,80,PK,46000,HTTP,2018-02-18 01:26:23,34,1
184,182.190.52.112,80,PK,46000,HTTP,2018-02-18 01:26:24,36,1
185,182.190.52.112,80,PK,46000,HTTP,2018-02-18 01:26:25,26,1
186,182.190.52.112,80,PK,46000,HTTP,2018-02-18 01:26:26,26,1
187,182.190.52.112,80,PK,46000,HTTP,2018-02-18 01:26:27,36,1
188,182.190.52.112,80,PK,46000,HTTP,2018-02-18 01:26:28,21,1
189,182.190.52.112,80,PK,46000,HTTP,2018-02-18 01:26:29,28,1
190,182.190.52.112,80,PK,46000,HTTP,2018-02-18 01:26:30,32,1
191,182.190.52.112,80,PK,46000,HTTP,2018-02-18 01:26:31,30,1
192,182.190.52.112,80,PK,46000,HTTP,2018-02-18 01:26:32,35,1
193,182.190.52.112,80,PK,46000,HTTP,2018-02-18 01:26:33,25,1
194,182.190.52.112,80,PK,46000,HTTP,2018-02-18 01:26:34,34,1
195,182.190.52.112,80,PK,46000,HTTP,2018-02-18 01:26:35,39,1
196,182.190.52.112,80,PK,46000,HTTP,2018-02-18 01:26:36,34,1
197,182.190.52.112,80,PK,46000,HTTP,2018-02-18 01:26:37,22,1
198,182.190.52.112,80,PK,46000,HTTP,2018-02-18 01:26:38,18,1
199,182.190.52.112,80,PK,46000,HTTP,2018-02-18 01:26:39,26,1
200,182.190.52.112,80,PK,46000,HTTP,2018-02-18 01:26:40,41,1
201,182.190.52.112,80,PK,46000,HTTP,2018-02-18 01:26:41,32,1
202,182.190.52.112,80,PK,46000,HTTP,2018-02-18 01:26:42,36,1
203,182.190.52.112,80,PK,46000,HTTP,2018-02-18 01:26:43,38,1
204,182.190.52.112,80,PK,46000,HTTP,2018-02-18 01:26:44,27,1
205,182.190.52.112,80,PK,46000,HTTP,2018-02-18 01:26:45,37,1
206,182.190.52.112,80,PK,46000,HTTP,2018-02-18 01:26:46,28,1
207,182.190.52.112,80,PK,46000,HTTP,2018-02-18 01:26:47,27,1
208,182.190.52.112,80,PK,46000,HTTP,2018-02-18 01:26:48,20,1
209,182.190.52.112,80,PK,46000,HTTP,2018-02-18 01:26:49,33,1
210,182.190.52.112,80,PK,46000,HTTP,2018-02-18 01:26:50,29,1
211,182.190.52.112,80,PK,46000,HTTP,2018-02-18 01:26:51,36,1
212,182.190.52.112,80,PK,46000,HTTP,2018-02-18 01:26:52,33,1
213,182.190.52.112,80,PK,46000,HTTP,2018-02-18 01:26:53,39,1
214,182.190.52.112,80,PK,46000,HTTP,2018-02-18 01:26:54,29,1
215,182.190.52.112,80,PK,46000,HTTP,2018-02-18 01:26:55,32,1
216,182.190.52.112,80,PK,46000,HTTP,2018-02-18 01:26:56,34,1
217,182.190.52.112,80,PK,46000,HTTP,2018-02-18 01:26:57,29,1
218,182.190.52.112,80,PK,46000,HTTP,2018-02-18 01:26:58,17,1
219,182.190.52.112,80,PK,46000,HTTP,2018-02-18 01:26:59,29,1
220,182.190.52.112,80,PK,46000,HTTP,2018-02-18 01:27:00,32,1
221,182.190.52.112,80,PK,46000,HTTP,2018-02-18 01:27:01,32,1
222,182.190.52.112,80,PK,46000,HTTP,2018-02-18 01:27:02,34,1
223,182.190.52.112,80,PK,46000,HTTP,2018-02-18 01:27:03,26,1
224,182.190.52.112,80,PK,46000,HTTP,2018-02-18 01:27:04,43,1
225,182.190.52.112,80,PK,46000,HTTP,2018-02-18 01:27:05,32,1
226,182.190.52.112,80,PK,46000,HTTP,2018-02-18 01:27:06,35,1
227,182.190.52.112,80,PK,46000,HTTP,2018-02-18 01:27:07,24,1
228,182.190.52.112,80,PK,46000,HTTP,2018-02-18 01:27:08,25,1
229,182.190.52.112,80,PK,46000,HTTP,2018-02-18 01:27:09,39,1
230,182.190.52.112,80,PK,46000,HTTP,2018-02-18 01:27:10,29,1
231,182.190.52.112,80,PK,46000,HTTP,2018-02-18 01:27:11,34,1
232,182.190.52.112,80,PK,46000,HTTP,2018-02-18 01:27:12,28,1
233,182.190.52.112,80,PK,46000,HTTP,2018-02-18 01:27:13,39,1
234,182.190.52.112,80,PK,46000,HTTP,2018-02-18 01:27:14,31,1
235,182.190.52.112,80,PK,46000,HTTP,2018-02-18 01:27:15,30,1
236,182.190.52.112,80,PK,46000,HTTP,2018-02-18 01:27:16,29,1
237,182.190.52.112,80,PK,46000,HTTP,2018-02-18 01:27:17,35,1
238,182.190.52.112,80,PK,46000,HTTP,2018-02-18 01:27:18,37,1
239,182.190.52.112,80,PK,46000,HTTP,2018-02-18 01:27:19,35,1
240,182.190.52.112,80,PK,46000,HTTP,2018-02-18 01:27:20,39,1
241,182.190.52.112,80,PK,46000,HTTP,2018-02-18 01:27:21,36,1
242,182.190.52.112,80,PK,46000,HTTP,2018-02-18 01:27:22,25,1
243,182.190.52.112,80,PK,46000,HTTP,2018-02-18 01:27:23,40,1
244,182.190.52.112,80,PK,46000,HTTP,2018-02-18 01:27:24,24,1
245,182.190.52.112,80,PK,46000,HTTP,2018-02-18 01:27:25,26,1
246,182.190.52.112,80,PK,46000,HTTP,2018-02-18 01:27:26,5,0
247,182.190.52.112,80,PK,46000,HTTP,2018-02-18 01:27:27,30,1
248,182.190.52.112,80,PK,46000,HTTP,2018-02-18 01:27:28,37,1
249,182.190.52.112,80,PK,46000,HTTP,2018-02-18 01:27:29,17,1
250,182.190.52.112,80,PK,46000,HTTP,2018-02-18 01:27:30,17,1
251,182.190.52.112,80,PK,46000,HTTP,2018-02-18 01:27:31,23,1
252,182.190.52.112,80,PK,46000,HTTP,2018-02-18 01:27:32,24,1
253,182.190.52.112,80,PK,46000,HTTP,2018-02-18 01:27:33,32,1
254,182.190.52.112,80,PK,46000,HTTP,2018-02-18 01:27:34,27,1
255,182.190.52.112,80,PK,46000,HTTP,2018-02-18 01:27:35,35,1
256,182.190.52.112,80,PK,46000,HTTP,2018-02-18 01:27:36,30,1
257,182.190.52.112,80,PK,46000,HTTP,2018-02-18 01:27:37,30,1
258,182.190.52.112,80,PK,46000,HTTP,2018-02-18 01:27:38,25,1
259,182.190.52.112,80,PK,46000,HTTP,2018-02-18 01:27:39,32,1
260,182.190.52.112,80,PK,46000,HTTP,2018-02-18 01:27:40,30,1
261,182.190.52.112,80,PK,46000,HTTP,2018-02-18 01:27:41,31,1
262,182.190.52.112,80,PK,46000,HTTP,2018-02-18 01:27:42,26,1
263,182.190.52.112,80,PK,46000,HTTP,2018-02-18 01:27:43,29,1
264,182.190.52.112,80,PK,46000,HTTP,2018-02-18 01:27:44,33,1
265,182.190.52.112,80,PK,46000,HTTP,2018-02-18 01:27:45,31,1
266,182.190.52.112,80,PK,46000,HTTP,2018-02-18 01:27:46,35,1
267,182.190.52.112,80,PK,46000,HTTP,2018-02-18 01:27:47,23,1
268,182.190.52.112,80,PK,46000,HTTP,2018-02-18 01:27:48,26,1
269,182.190.52.112,80,PK,46000,HTTP,2018-02-18 01:27:49,36,1
270,182.190.52.112,80,PK,46000,HTTP,2018-02-18 01:27:50,40,1
271,182.190.52.112,80,PK,46000,HTTP,2018-02-18 01:27:51,25,1
272,182.190.52.112,80,PK,46000,HTTP,2018-02-18 01:27:52,26,1
273,182.190.52.112,80,PK,46000,HTTP,2018-02-18 01:27:53,43,1
274,182.190.52.112,80,PK,46000,HTTP,2018-02-18 01:27:54,31,1
275,182.190.52.112,80,PK,46000,HTTP,2018-02-18 01:27:55,37,1
276,182.190.52.112,80,PK,46000,HTTP,2018-02-18 01:27:56,27,1
277,182.190.52.112,80,PK,46000,HTTP,2018-02-18 01:27:57,27,1
278,182.190.52.112,80,PK,46000,HTTP,2018-02-18 01:27:58,35,1
279,182.190.52.112,80,PK,46000,HTTP,2018-02-18 01:27:59,27,1
280,182.190.52.112,80,PK,46000,HTTP,2018-02-18 01:28:00,33,1
281,182.190.52.112,80,PK,46000,HTTP,2018-02-18 01:28:01,33,1
282,182.190.52.112,80,PK,46000,HTTP,2018-02-18 01:28:02,37,1
283,182.190.52.112,80,PK,46000,HTTP,2018-02-18 01:28:03,29,1
284,182.190.52.112,80,PK,46000,HTTP,2018-02-18 01:28:04,39,1
285,182.190.52.112,80,PK,46000,HTTP,2018-02-18 01:28:05,28,1
286,182.190.52.112,80,PK,46000,HTTP,2018-02-18 01:28:06,28,1
287,182.190.52.112,80,PK,46000,HTTP,2018-02-18 01:28:07,34,1
288,182.190.52.112,80,PK,46000,HTTP,2018-02-18 01:28:08,29,1
289,182.190.52.112,80,PK,46000,HTTP,2018-02-18 01:28:09,36,1
290,182.190.52.112,80,PK,46000,HTTP,2018-02-18 01:28:10,32,1
291,182.190.52.112,80,PK,46000,HTTP,2018-02-18 01:28:11,34,1
292,182.190.52.112,80,PK,46000,HTTP,2018-02-18 01:28:12,35,1
293,182.190.52.112,80,PK,46000,HTTP,2018-02-18 01:28:13,23,1
294,182.190.52.112,80,PK,46000,HTTP,2018-02-18 01:28:14,40,1
295,182.190.52.112,80,PK,46000,HTTP,2018-02-18 01:28:15,32,1
296,182.190.52.112,80,PK,46000,HTTP,2018-02-18 01:28:16,32,1
297,182.190.52.112,80,PK,46000,HTTP,2018-02-18 01:28:17,32,1
298,182.190.52.112,80,PK,46000,HTTP,2018-02-18 01:28:18,28,1
299,182.190.52.112,80,PK,46000,HTTP,2018-02-18 01:28:19,39,1
300,182.190.52.112,80,PK,46000,HTTP,2018-02-18 01:28:20,28,1
301,182.190.52.112,80,PK,46000,HTTP,2018-02-18 01:28:21,22,1
302,182.190.52.112,80,PK,46000,HTTP,2018-02-18 01:28:22,43,1
303,182.190.52.112,80,PK,46000,HTTP,2018-02-18 01:28:23,30,1
304,182.190.52.112,80,PK,46000,HTTP,2018-02-18 01:28:24,31,1
305,182.190.52.112,80,PK,46000,HTTP,2018-02-18 01:28:25,34,1
306,182.190.52.112,80,PK,46000,HTTP,2018-02-18 01:28:26,20,1
307,182.190.52.112,80,PK,46000,HTTP,2018-02-18 01:28:27,35,1
308,182.190.52.112,80,PK,46000,HTTP,2018-02-18 01:28:28,45,1
309,182.190.52.112,80,PK,46000,HTTP,2018-02-18 01:28:29,20,1
310,182.190.52.112,80,PK,46000,HTTP,2018-02-18 01:28:30,24,1
311,182.190.52.112,80,PK,46000,HTTP,2018-02-18 01:28:31,22,1
312,182.190.52.112,80,PK,46000,HTTP,2018-02-18 01:28:32,23,1
313,182.190.52.112,80,PK,46000,HTTP,2018-02-18 01:28:33,38,1
314,182.190.52.112,80,PK,46000,HTTP,2018-02-18 01:28:34,37,1
315,182.190.52.112,80,PK,46000,HTTP,2018-02-18 01:28:35,37,1
316,182.190.52.112,80,PK,46000,HTTP,2018-02-18 01:28:36,37,1
317,182.190.52.112,80,PK,46000,HTTP,2018-02-18 01:28:37,32,1
318,182.190.52.112,80,PK,46000,HTTP,2018-02-18 01:28:38,30,1
319,182.190.52.112,80,PK,46000,HTTP,2018-02-18 01:28:39,33,1
320,182.190.52.112,80,PK,46000,HTTP,2018-02-18 01:28:40,28,1
321,182.190.52.112,80,PK,46000,HTTP,2018-02-18 01:28:41,27,1
322,182.190.52.112,80,PK,46000,HTTP,2018-02-18 01:28:42,30,1
323,182.190.52.112,80,PK,46000,HTTP,2018-02-18 01:28:43,32,1
324,182.190.52.112,80,PK,46000,HTTP,2018-02-18 01:28:44,31,1
325,182.190.52.112,80,PK,46000,HTTP,2018-02-18 01:28:45,33,1
326,182.190.52.112,80,PK,46000,HTTP,2018-02-18 01:28:46,34,1
327,182.190.52.112,80,PK,46000,HTTP,2018-02-18 01:28:47,29,1
328,182.190.52.112,80,PK,46000,HTTP,2018-02-18 01:28:48,36,1
329,182.190.52.112,80,PK,46000,HTTP,2018-02-18 01:28:49,30,1
330,182.190.52.112,80,PK,46000,HTTP,2018-02-18 01:28:50,27,1
331,182.190.52.112,80,PK,46000,HTTP,2018-02-18 01:28:51,34,1
332,182.190.52.112,80,PK,46000,HTTP,2018-02-18 01:28:52,30,1
333,182.190.52.112,80,PK,46000,HTTP,2018-02-18 01:28:53,42,1
334,182.190.52.112,80,PK,46000,HTTP,2018-02-18 01:28:54,28,1
335,182.190.52.112,80,PK,46000,HTTP,2018-02-18 01:28:55,27,1
336,182.190.52.112,80,PK,46000,HTTP,2018-02-18 01:28:56,26,1
337,182.190.52.112,80,PK,46000,HTTP,2018-02-18 01:28:57,33,1
338,182.190.52.112,80,PK,46000,HTTP,2018-02-18 01:28:58,30,1
339,182.190.52.112,80,PK,46000,HTTP,2018-02-18 01:28:59,31,1
340,182.190.52.112,80,PK,46000,HTTP,2018-02-18 01:29:00,31,1
341,182.190.52.112,80,PK,46000,HTTP,2018-02-18 01:29:01,32,1
342,182.190.52.112,80,PK,46000,HTTP,2018-02-18 01:29:02,40,1
343,182.190.52.112,80,PK,46000,HTTP,2018-02-18 01:29:03,34,1
344,182.190.52.112,80,PK,46000,HTTP,2018-02-18 01:29:04,31,1
345,182.190.52.112,80,PK,46000,HTTP,2018-02-18 01:29:05,30,1
346,182.190.52.112,80,PK,46000,HTTP,2018-02-18 01:29:06,21,1
347,182.190.52.112,80,PK,46000,HTTP,2018-02-18 01:29:07,34,1
348,182.190.52.112,80,PK,46000,HTTP,2018-02-18 01:29:08,40,1
349,182.190.52.112,80,PK,46000,HTTP,2018-02-18 01:29:09,36,1
350,182.190.52.112,80,PK,46000,HTTP,2018-02-18 01:29:10,28,1
351,182.190.52.112,80,PK,46000,HTTP,2018-02-18 01:29:11,29,1
352,182.190.52.112,80,PK,46000,HTTP,2018-02-18 01:29:12,36,1
353,182.190.52.112,80,PK,46000,HTTP,2018-02-18 01:29:13,32,1
354,182.190.52.112,80,PK,46000,HTTP,2018-02-18 01:29:14,32,1
355,182.190.52.112,80,PK,46000,HTTP,2018-02-18 01:29:15,39,1
356,182.190.52.112,80,PK,46000,HTTP,2018-02-18 01:29:16,26,1
357,182.190.52.112,80,PK,46000,HTTP,2018-02-18 01:29:17,35,1
358,182.190.52.112,80,PK,46000,HTTP,2018-02-18 01:29:18,33,1
359,182.190.52.112,80,PK,46000,HTTP,2018-02-18 01:29:19,28,1
360,182.190.52.112,80,PK,46000,HTTP,2018-02-18 01:29:20,33,1
361,182.190.52.112,80,PK,46000,HTTP,2018-02-18 01:29:21,26,1
362,182.190.52.112,80,PK,46000,HTTP,2018-02-18 01:29:22,23,1
363,182.190.52.112,80,PK,46000,HTTP,2018-02-18 01:29:23,25,1
364,182.190.52.112,80,PK,46000,HTTP,2018-02-18 01:29:24,31,1
365,182.190.52.112,80,PK,46000,HTTP,2018-02-18 01:29:25,33,1
366,182.190.52.112,80,PK,46000,HTTP,2018-02-18 01:29:26,31,1
367,182.190.52.112,80,PK,46000,HTTP,2018-02-18 01:29:27,29,1
368,182.190.52.112,80,PK,46000,HTTP,2018-02-18 01:29:28,28,1
369,182.190.52.112,80,PK,46000,HTTP,2018-02-18 01:29:29,31,1
370,182.190.52.112,80,PK,46000,HTTP,2018-02-18 01:29:30,31,1
371,182.190.52.112,80,PK,46000,HTTP,2018-02-18 01:29:31,31,1
372,182.190.52.112,80,PK,46000,HTTP,2018-02-18 01:29:32,34,1
373,182.190.52.112,80,PK,46000,HTTP,2018-02-18 01:29:33,23,1
374,182.190.52.112,80,PK,46000,HTTP,2018-02-18 01:29:34,23,1
375,182.190.52.112,80,PK,46000,HTTP,2018-02-18 01:29:35,32,1
376,182.190.52.112,80,PK,46000,HTTP,2018-02-18 01:29:36,31,1
377,182.190.52.112,80,PK,46000,HTTP,2018-02-18 01:29:37,36,1
378,182.190.52.112,80,PK,46000,HTTP,2018-02-18 01:29:38,26,1
379,182.190.52.112,80,PK,46000,HTTP,2018-02-18 01:29:39,25,1
380,182.190.52.112,80,PK,46000,HTTP,2018-02-18 01:29:40,25,1
381,182.190.52.112,80,PK,46000,HTTP,2018-02-18 01:29:41,22,1
382,182.190.52.112,80,PK,46000,HTTP,2018-02-18 01:29:42,35,1
383,182.190.52.112,80,PK,46000,HTTP,2018-02-18 01:29:43,37,1
384,182.190.52.112,80,PK,46000,HTTP,2018-02-18 01:29:44,39,1
385,182.190.52.112,80,PK,46000,HTTP,2018-02-18 01:29:45,40,1
386,182.190.52.112,80,PK,46000,HTTP,2018-02-18 01:29:46,34,1
387,182.190.52.112,80,PK,46000,HTTP,2018-02-18 01:29:47,45,1
388,182.190.52.112,80,PK,46000,HTTP,2018-02-18 01:29:48,34,1
389,182.190.52.112,80,PK,46000,HTTP,2018-02-18 01:29:49,31,1
390,182.190.52.112,80,PK,46000,HTTP,2018-02-18 01:29:50,28,1
391,182.190.52.112,80,PK,46000,HTTP,2018-02-18 01:29:51,34,1
392,182.190.52.112,80,PK,46000,HTTP,2018-02-18 01:29:52,35,1
393,182.190.52.112,80,PK,46000,HTTP,2018-02-18 01:29:53,30,1
394,182.190.52.112,80,PK,46000,HTTP,2018-02-18 01:29:54,28,1
395,182.190.52.112,80,PK,46000,HTTP,2018-02-18 01:29:55,39,1
396,182.190.52.112,80,PK,46000,HTTP,2018-02-18 01:29:56,33,1
397,182.190.52.112,80,PK,46000,HTTP,2018-02-18 01:29:57,30,1
398,182.190.52.112,80,PK,46000,HTTP,2018-02-18 01:29:58,32,1
399,182.190.52.112,80,PK,46000,HTTP,2018-02-18 01:29:59,33,1
400,182.190.52.112,80,PK,46000,HTTP,2018-02-18 01:30:00,32,1
401,182.190.52.112,80,PK,46000,HTTP,2018-02-18 01:30:01,24,1
402,182.190.52.112,80,PK,46000,HTTP,2018-02-18 01:30:02,28,1
403,182.190.52.112,80,PK,46000,HTTP,2018-02-18 01:30:03,34,1
404,182.190.52.112,80,PK,46000,HTTP,2018-02-18 01:30:04,21,1
405,182.190.52.112,80,PK,46000,HTTP,2018-02-18 01:30:05,27,1
406,182.190.52.112,80,PK,46000,HTTP,2018-02-18 01:30:06,38,1
407,182.190.52.112,80,PK,46000,HTTP,2018-02-18 01:30:07,32,1
408,182.190.52.112,80,PK,46000,HTTP,2018-02-18 01:30:08,28,1
409,182.190.52.112,80,PK,46000,HTTP,2018-02-18 01:30:09,23,1
410,182.190.52.112,80,PK,46000,HTTP,2018-02-18 01:30:10,32,1
411,182.190.52.112,80,PK,46000,HTTP,2018-02-18 01:30:11,37,1
412,182.190.52.112,80,PK,46000,HTTP,2018-02-18 01:30:12,35,1
413,182.190.52.112,80,PK,46000,HTTP,2018-02-18 01:30:13,34,1
414,182.190.52.112,80,PK,46000,HTTP,2018-02-18 01:30:14,32,1
415,182.190.52.112,80,PK,46000,HTTP,2018-02-18 01:30:15,28,1
416,182.190.52.112,80,PK,46000,HTTP,2018-02-18 01:30:16,38,1
417,182.190.52.112,80,PK,46000,HTTP,2018-02-18 01:30:17,29,1
418,182.190.52.112,80,PK,46000,HTTP,2018-02-18 01:30:18,24,1
419,182.190.52.112,80,PK,46000,HTTP,2018-02-18 01:30:19,26,1
420,182.190.52.112,80,PK,46000,HTTP,2018-02-18 01:30:20,34,1
421,182.190.52.112,80,PK,46000,HTTP,2018-02-18 01:30:21,31,1
422,182.190.52.112,80,PK,46000,HTTP,2018-02-18 01:30:22,36,1
423,182.190.52.112,80,PK,46000,HTTP,2018-02-18 01:30:23,30,1
424,182.190.52.112,80,PK,46000,HTTP,2018-02-18 01:30:24,28,1
425,182.190.52.112,80,PK,46000,HTTP,2018-02-18 01:30:25,33,1
426,182.190.52.112,80,PK,46000,HTTP,2018-02-18 01:30:26,34,1
427,182.190.52.112,80,PK,46000,HTTP,2018-02-18 01:30:27,35,1
428,182.190.52.112,80,PK,46000,HTTP,2018-02-18 01:30:28,29,1
429,182.190.52.112,80,PK,46000,HTTP,2018-02-18 01:30:29,33,1
430,182.190.52.112,80,PK,46000,HTTP,2018-02-18 01:30:30,35,1
431,182.190.52.112,80,PK,46000,HTTP,2018-02-18 01:30:31,22,1
432,182.190.52.112,80,PK,46000,HTTP,2018-02-18 01:30:32,42,1
433,182.190.52.112,80,PK,46000,HTTP,2018-02-18 01:30:33,32,1
434,182.190.52.112,80,PK,46000,HTTP,2018-02-18 01:30:34,30,1
435,182.190.52.112,80,PK,46000,HTTP,2018-02-18 01:30:35,31,1
436,182.190.52.112,80,PK,46000,HTTP,2018-02-18 01:30:36,31,1
437,182.190.52.112,80,PK,46000,HTTP,2018-02-18 01:30:37,30,1
438,182.190.52.112,80,PK,46000,HTTP,2018-02-18 01:30:38,23,1
439,182.190.52.112,80,PK,46000,HTTP,2018-02-18 01:30:39,12,0
440,182.190.52.112,80,PK,46000,HTTP,2018-02-18 01:30:40,30,1
441,182.190.52.112,80,PK,46000,HTTP,2018-02-18 01:30:41,29,1
442,182.190.52.112,80,PK,46000,HTTP,2018-02-18 01:30:42,25,1
443,182.190.52.112,80,PK,46000,HTTP,2018-02-18 01:30:43,31,1
444,182.190.52.112,80,PK,46000,HTTP,2018-02-18 01:30:44,26,1
445,182.190.52.112,80,PK,46000,HTTP,2018-02-18 01:30:45,30,1
446,182.190.52.112,80,PK,46000,HTTP,2018-02-18 01:30:46,35,1
447,182.190.52.112,80,PK,46000,HTTP,2018-02-18 01:30:47,36,1
448,182.190.52.112,80,PK,46000,HTTP,2018-02-18 01:30:48,33,1
449,182.190.52.112,80,PK,46000,HTTP,2018-02-18 01:30:49,26,1
450,182.190.52.112,80,PK,46000,HTTP,2018-02-18 01:30:50,25,1
451,182.190.52.112,80,PK,46000,HTTP,2018-02-18 01:30:51,29,1
452,182.190.52.112,80,PK,46000,HTTP,2018-02-18 01:30:52,35,1
453,182.190.52.112,80,PK,46000,HTTP,2018-02-18 01:30:53,25,1
454,182.190.52.112,80,PK,46000,HTTP,2018-02-18 01:30:54,35,1
455,182.190.52.112,80,PK,46000,HTTP,2018-02-18 01:30:55,29,1
456,182.190.52.112,80,PK,46000,HTTP,2018-02-18 01:30:56,30,1
457,182.190.52.112,80,PK,46000,HTTP,2018-02-18 01:30:57,35,1
458,182.190.52.112,80,PK,46000,HTTP,2018-02-18 01:30:58,33,1
459,182.190.52.112,80,PK,46000,HTTP,2018-02-18 01:30:59,10,0
460,182.190.52.112,80,PK,46000,HTTP,2018-02-18 01:31:00,16,1
461,182.190.52.112,80,PK,46000,HTTP,2018-02-18 01:31:01,37,1
462,182.190.52.112,80,PK,46000,HTTP,2018-02-18 01:31:02,32,1
463,182.190.52.112,80,PK,46000,HTTP,2018-02-18 01:31:03,33,1
464,182.190.52.112,80,PK,46000,HTTP,2018-02-18 01:31:04,33,1
465,182.190.52.112,80,PK,46000,HTTP,2018-02-18 01:31:05,38,1
466,182.190.52.112,80,PK,46000,HTTP,2018-02-18 01:31:06,26,1
467,182.190.52.112,80,PK,46000,HTTP,2018-02-18 01:31:07,34,1
468,182.190.52.112,80,PK,46000,HTTP,2018-02-18 01:31:08,34,1
469,182.190.52.112,80,PK,46000,HTTP,2018-02-18 01:31:09,34,1
470,182.190.52.112,80,PK,46000,HTTP,2018-02-18 01:31:10,36,1
471,182.190.52.112,80,PK,46000,HTTP,2018-02-18 01:31:11,22,1
472,182.190.52.112,80,PK,46000,HTTP,2018-02-18 01:31:12,33,1
473,182.190.52.112,80,PK,46000,HTTP,2018-02-18 01:31:13,25,1
474,182.190.52.112,80,PK,46000,HTTP,2018-02-18 01:31:14,3,0
475,182.190.52.112,80,PK,46000,HTTP,2018-02-18 01:31:15,4,0
476,182.190.52.112,80,PK,46000,HTTP,2018-02-18 01:31:17,2,0
477,182.190.52.112,80,PK,46000,HTTP,2018-02-18 01:33:07,35,1
478,182.190.52.112,80,PK,46000,HTTP,2018-02-18 01:33:08,42,1
479,182.190.52.112,80,PK,46000,HTTP,2018-02-18 01:33:09,44,1
480,182.190.52.112,80,PK,46000,HTTP,2018-02-18 01:33:10,43,1
481,182.190.52.112,80,PK,46000,HTTP,2018-02-18 01:33:11,40,1
482,182.190.52.112,80,PK,46000,HTTP,2018-02-18 01:33:12,38,1
483,182.190.52.112,80,PK,46000,HTTP,2018-02-18 01:33:13,45,1
484,182.190.52.112,80,PK,46000,HTTP,2018-02-18 01:33:14,44,1
485,182.190.52.112,80,PK,46000,HTTP,2018-02-18 01:33:15,50,1
486,182.190.52.112,80,PK,46000,HTTP,2018-02-18 01:33:16,48,1
487,182.190.52.112,80,PK,46000,HTTP,2018-02-18 01:33:17,46,1
488,182.190.52.112,80,PK,46000,HTTP,2018-02-18 01:33:18,21,1
489,182.190.52.112,80,PK,46000,HTTP,2018-02-18 01:33:19,42,1
490,182.190.52.112,80,PK,46000,HTTP,2018-02-18 01:33:20,43,1
491,182.190.52.112,80,PK,46000,HTTP,2018-02-18 01:33:21,37,1
492,182.190.52.112,80,PK,46000,HTTP,2018-02-18 01:33:22,43,1
493,182.190.52.112,80,PK,46000,HTTP,2018-02-18 01:33:23,45,1
494,182.190.52.112,80,PK,46000,HTTP,2018-02-18 01:33:24,45,1
495,182.190.52.112,80,PK,46000,HTTP,2018-02-18 01:33:25,49,1
496,182.190.52.112,80,PK,46000,HTTP,2018-02-18 01:33:26,40,1
497,182.190.52.112,80,PK,46000,HTTP,2018-02-18 01:33:27,47,1
498,182.190.52.112,80,PK,46000,HTTP,2018-02-18 01:33:28,43,1
499,182.190.52.112,80,PK,46000,HTTP,2018-02-18 01:33:29,24,1
500,182.190.52.112,80,PK,46000,HTTP,2018-02-18 01:33:30,19,1
501,182.190.52.112,80,PK,46000,HTTP,2018-02-18 01:33:31,42,1
502,182.190.52.112,80,PK,46000,HTTP,2018-02-18 01:33:32,44,1
503,182.190.52.112,80,PK,46000,HTTP,2018-02-18 01:33:33,40,1
504,182.190.52.112,80,PK,46000,HTTP,2018-02-18 01:33:34,31,1
505,182.190.52.112,80,PK,46000,HTTP,2018-02-18 01:33:35,32,1
506,182.190.52.112,80,PK,46000,HTTP,2018-02-18 01:33:36,46,1
507,182.190.52.112,80,PK,46000,HTTP,2018-02-18 01:33:37,34,1
508,182.190.52.112,80,PK,46000,HTTP,2018-02-18 01:33:38,43,1
509,182.190.52.112,80,PK,46000,HTTP,2018-02-18 01:33:39,52,1
510,182.190.52.112,80,PK,46000,HTTP,2018-02-18 01:33:40,53,1
511,182.190.52.112,80,PK,46000,HTTP,2018-02-18 01:33:41,23,1
512,182.190.52.112,80,PK,46000,HTTP,2018-02-18 01:33:42,52,1
513,182.190.52.112,80,PK,46000,HTTP,2018-02-18 01:33:43,46,1
514,182.190.52.112,80,PK,46000,HTTP,2018-02-18 01:33:44,41,1
515,182.190.52.112,80,PK,46000,HTTP,2018-02-18 01:33:45,39,1
516,182.190.52.112,80,PK,46000,HTTP,2018-02-18 01:33:46,43,1
517,182.190.52.112,80,PK,46000,HTTP,2018-02-18 01:33:47,23,1
518,182.190.52.112,80,PK,46000,HTTP,2018-02-18 01:33:48,28,1
519,182.190.52.112,80,PK,46000,HTTP,2018-02-18 01:33:49,38,1
520,182.190.52.112,80,PK,46000,HTTP,2018-02-18 01:33:50,46,1
521,182.190.52.112,80,PK,46000,HTTP,2018-02-18 01:33:51,41,1
522,182.190.52.112,80,PK,46000,HTTP,2018-02-18 01:33:52,53,1
523,182.190.52.112,80,PK,46000,HTTP,2018-02-18 01:33:53,55,1
524,182.190.52.112,80,PK,46000,HTTP,2018-02-18 01:33:54,30,1
525,182.190.52.112,80,PK,46000,HTTP,2018-02-18 01:33:55,45,1
526,182.190.52.112,80,PK,46000,HTTP,2018-02-18 01:33:56,42,1
527,182.190.52.112,80,PK,46000,HTTP,2018-02-18 01:33:57,42,1
528,182.190.52.112,80,PK,46000,HTTP,2018-02-18 01:33:58,46,1
529,182.190.52.112,80,PK,46000,HTTP,2018-02-18 01:33:59,46,1
530,182.190.52.112,80,PK,46000,HTTP,2018-02-18 01:34:00,45,1
531,182.190.52.112,80,PK,46000,HTTP,2018-02-18 01:34:01,34,1
532,182.190.52.112,80,PK,46000,HTTP,2018-02-18 01:34:02,41,1
533,182.190.52.112,80,PK,46000,HTTP,2018-02-18 01:34:03,45,1
534,182.190.52.112,80,PK,46000,HTTP,2018-02-18 01:34:04,54,1
535,182.190.52.112,80,PK,46000,HTTP,2018-02-18 01:34:05,50,1
536,182.190.52.112,80,PK,46000,HTTP,2018-02-18 01:34:06,7,0
537,182.190.52.112,80,PK,46000,HTTP,2018-02-18 01:34:13,20,1
538,182.190.52.112,80,PK,46000,HTTP,2018-02-18 01:34:14,44,1
539,182.190.52.112,80,PK,46000,HTTP,2018-02-18 01:34:15,22,1
540,182.190.52.112,80,PK,46000,HTTP,2018-02-18 01:34:16,45,1
541,182.190.52.112,80,PK,46000,HTTP,2018-02-18 01:34:17,34,1
542,182.190.52.112,80,PK,46000,HTTP,2018-02-18 01:34:18,39,1
543,182.190.52.112,80,PK,46000,HTTP,2018-02-18 01:34:19,55,1
544,182.190.52.112,80,PK,46000,HTTP,2018-02-18 01:34:20,39,1
545,182.190.52.112,80,PK,46000,HTTP,2018-02-18 01:34:21,43,1
546,182.190.52.112,80,PK,46000,HTTP,2018-02-18 01:34:22,33,1
547,182.190.52.112,80,PK,46000,HTTP,2018-02-18 01:34:23,45,1
548,182.190.52.112,80,PK,46000,HTTP,2018-02-18 01:34:24,37,1
549,182.190.52.112,80,PK,46000,HTTP,2018-02-18 01:34:25,46,1
550,182.190.52.112,80,PK,46000,HTTP,2018-02-18 01:34:26,48,1
551,182.190.52.112,80,PK,46000,HTTP,2018-02-18 01:34:27,41,1
552,182.190.52.112,80,PK,46000,HTTP,2018-02-18 01:34:28,45,1
553,182.190.52.112,80,PK,46000,HTTP,2018-02-18 01:34:29,42,1
554,182.190.52.112,80,PK,46000,HTTP,2018-02-18 01:34:30,34,1
555,182.190.52.112,80,PK,46000,HTTP,2018-02-18 01:34:31,39,1
556,182.190.52.112,80,PK,46000,HTTP,2018-02-18 01:34:32,52,1
557,182.190.52.112,80,PK,46000,HTTP,2018-02-18 01:34:33,51,1
558,182.190.52.112,80,PK,46000,HTTP,2018-02-18 01:34:34,40,1
559,182.190.52.112,80,PK,46000,HTTP,2018-02-18 01:34:35,33,1
560,182.190.52.112,80,PK,46000,HTTP,2018-02-18 01:34:36,16,1
561,182.190.52.112,80,PK,46000,HTTP,2018-02-18 01:34:37,3,0
562,182.190.52.112,80,PK,46000,HTTP,2018-02-18 01:35:27,28,1
563,182.190.52.112,80,PK,46000,HTTP,2018-02-18 01:35:28,15,0
564,182.190.52.112,80,PK,46000,HTTP,2018-02-18 01:35:29,38,1
565,182.190.52.112,80,PK,46000,HTTP,2018-02-18 01:35:30,48,1
566,182.190.52.112,80,PK,46000,HTTP,2018-02-18 01:35:31,44,1
567,182.190.52.112,80,PK,46000,HTTP,2018-02-18 01:35:32,46,1
568,182.190.52.112,80,PK,46000,HTTP,2018-02-18 01:35:33,44,1
569,182.190.52.112,80,PK,46000,HTTP,2018-02-18 01:35:34,40,1
570,182.190.52.112,80,PK,46000,HTTP,2018-02-18 01:35:35,32,1
571,182.190.52.112,80,PK,46000,HTTP,2018-02-18 01:35:36,46,1
572,182.190.52.112,80,PK,46000,HTTP,2018-02-18 01:35:37,47,1
573,182.190.52.112,80,PK,46000,HTTP,2018-02-18 01:35:38,46,1
574,182.190.52.112,80,PK,46000,HTTP,2018-02-18 01:35:39,39,1
575,182.190.52.112,80,PK,46000,HTTP,2018-02-18 01:35:40,38,1
576,182.190.52.112,80,PK,46000,HTTP,2018-02-18 01:35:41,42,1
577,182.190.52.112,80,PK,46000,HTTP,2018-02-18 01:35:42,44,1
578,182.190.52.112,80,PK,46000,HTTP,2018-02-18 01:35:43,43,1
579,182.190.52.112,80,PK,46000,HTTP,2018-02-18 01:35:44,44,1
580,182.190.52.112,80,PK,46000,HTTP,2018-02-18 01:35:45,51,1
581,182.190.52.112,80,PK,46000,HTTP,2018-02-18 01:35:46,43,1
582,182.190.52.112,80,PK,46000,HTTP,2018-02-18 01:35:47,42,1
583,182.190.52.112,80,PK,46000,HTTP,2018-02-18 01:35:48,37,1
584,182.190.52.112,80,PK,46000,HTTP,2018-02-18 01:35:49,46,1
585,182.190.52.112,80,PK,46000,HTTP,2018-02-18 01:35:50,42,1
586,182.190.52.112,80,PK,46000,HTTP,2018-02-18 01:35:51,32,1
587,182.190.52.112,80,PK,46000,HTTP,2018-02-18 01:35:52,44,1
588,182.190.52.112,80,PK,46000,HTTP,2018-02-18 01:35:53,45,1
589,182.190.52.112,80,PK,46000,HTTP,2018-02-18 01:35:54,44,1
590,182.190.52.112,80,PK,46000,HTTP,2018-02-18 01:35:55,44,1
591,182.190.52.112,80,PK,46000,HTTP,2018-02-18 01:35:56,50,1
592,182.190.52.112,80,PK,46000,HTTP,2018-02-18 01:35:57,36,1
593,182.190.52.112,80,PK,46000,HTTP,2018-02-18 01:35:58,24,1
594,182.190.52.112,80,PK,46000,HTTP,2018-02-18 01:35:59,41,1
595,182.190.52.112,80,PK,46000,HTTP,2018-02-18 01:36:00,39,1
596,182.190.52.112,80,PK,46000,HTTP,2018-02-18 01:36:01,45,1
597,182.190.52.112,80,PK,46000,HTTP,2018-02-18 01:36:02,45,1
598,182.190.52.112,80,PK,46000,HTTP,2018-02-18 01:36:03,28,1
599,182.190.52.112,80,PK,46000,HTTP,2018-02-18 01:37:07,8,0
600,182.190.52.112,80,PK,46000,HTTP,2018-02-18 01:37:08,23,1
601,182.190.52.112,80,PK,46000,HTTP,2018-02-18 01:37:09,40,1
602,182.190.52.112,80,PK,46000,HTTP,2018-02-18 01:37:10,28,1
603,182.190.52.112,80,PK,46000,HTTP,2018-02-18 01:37:11,34,1
604,182.190.52.112,80,PK,46000,HTTP,2018-02-18 01:37:12,43,1
605,182.190.52.112,80,PK,46000,HTTP,2018-02-18 01:37:13,40,1
606,182.190.52.112,80,PK,46000,HTTP,2018-02-18 01:37:14,51,1
607,182.190.52.112,80,PK,46000,HTTP,2018-02-18 01:37:15,45,1
608,182.190.52.112,80,PK,46000,HTTP,2018-02-18 01:37:16,39,1
609,182.190.52.112,80,PK,46000,HTTP,2018-02-18 01:37:17,30,1
610,182.190.52.112,80,PK,46000,HTTP,2018-02-18 01:37:18,19,1
611,182.190.52.112,80,PK,46000,HTTP,2018-02-18 01:37:19,28,1
612,182.190.52.112,80,PK,46000,HTTP,2018-02-18 01:37:20,37,1
613,182.190.52.112,80,PK,46000,HTTP,2018-02-18 01:37:21,39,1
614,182.190.52.112,80,PK,46000,HTTP,2018-02-18 01:37:22,38,1
615,182.190.52.112,80,PK,46000,HTTP,2018-02-18 01:37:23,35,1
616,182.190.52.112,80,PK,46000,HTTP,2018-02-18 01:37:24,30,1
617,182.190.52.112,80,PK,46000,HTTP,2018-02-18 01:37:25,33,1
618,182.190.52.112,80,PK,46000,HTTP,2018-02-18 01:37:26,31,1
619,182.190.52.112,80,PK,46000,HTTP,2018-02-18 01:37:27,34,1
620,182.190.52.112,80,PK,46000,HTTP,2018-02-18 01:37:28,41,1
621,182.190.52.112,80,PK,46000,HTTP,2018-02-18 01:37:29,17,1
622,182.190.52.112,80,PK,46000,HTTP,2018-02-18 01:37:30,32,1
623,182.190.52.112,80,PK,46000,HTTP,2018-02-18 01:37:31,43,1
624,182.190.52.112,80,PK,46000,HTTP,2018-02-18 01:37:32,33,1
625,182.190.52.112,80,PK,46000,HTTP,2018-02-18 01:37:33,30,1
626,182.190.52.112,80,PK,46000,HTTP,2018-02-18 01:37:34,33,1
627,182.190.52.112,80,PK,46000,HTTP,2018-02-18 01:37:35,28,1
628,182.190.52.112,80,PK,46000,HTTP,2018-02-18 01:37:36,32,1
629,182.190.52.112,80,PK,46000,HTTP,2018-02-18 01:37:37,30,1
630,182.190.52.112,80,PK,46000,HTTP,2018-02-18 01:37:38,28,1
631,182.190.52.112,80,PK,46000,HTTP,2018-02-18 01:37:39,24,1
632,182.190.52.112,80,PK,46000,HTTP,2018-02-18 01:37:40,31,1
633,182.190.52.112,80,PK,46000,HTTP,2018-02-18 01:37:41,37,1
634,182.190.52.112,80,PK,46000,HTTP,2018-02-18 01:37:42,36,1
635,182.190.52.112,80,PK,46000,HTTP,2018-02-18 01:37:43,7,0
637,45.55.49.75,80,US,7014,HTTP,2018-02-18 01:49:12,1,0
638,182.190.52.112,80,PK,46000,HTTP,2018-02-18 01:52:13,1,0
639,182.190.52.112,80,PK,46000,HTTP,2018-02-18 01:55:17,5,0
640,182.190.52.112,80,PK,46000,HTTP,2018-02-18 01:55:18,26,1
641,182.190.52.112,80,PK,46000,HTTP,2018-02-18 01:55:19,25,1
642,182.190.52.112,80,PK,46000,HTTP,2018-02-18 01:55:20,23,1
643,182.190.52.112,80,PK,46000,HTTP,2018-02-18 01:55:21,26,1
644,182.190.52.112,80,PK,46000,HTTP,2018-02-18 01:55:22,21,1
645,182.190.52.112,80,PK,46000,HTTP,2018-02-18 01:55:23,24,1
646,182.190.52.112,80,PK,46000,HTTP,2018-02-18 01:55:24,24,1
647,182.190.52.112,80,PK,46000,HTTP,2018-02-18 01:55:25,20,1
648,182.190.52.112,80,PK,46000,HTTP,2018-02-18 01:55:26,30,1
649,182.190.52.112,80,PK,46000,HTTP,2018-02-18 01:55:27,23,1
650,182.190.52.112,80,PK,46000,HTTP,2018-02-18 01:55:28,8,0
651,182.190.52.112,80,PK,46000,HTTP,2018-02-18 01:55:29,5,0
652,182.190.52.112,80,PK,46000,HTTP,2018-02-18 01:55:30,4,0
653,182.190.52.112,80,PK,46000,HTTP,2018-02-18 01:55:31,5,0
654,182.190.52.112,80,PK,46000,HTTP,2018-02-18 01:55:32,7,0
655,182.190.52.112,80,PK,46000,HTTP,2018-02-18 01:55:33,30,1
656,182.190.52.112,80,PK,46000,HTTP,2018-02-18 01:55:34,25,1
657,182.190.52.112,80,PK,46000,HTTP,2018-02-18 01:55:35,28,1
658,182.190.52.112,80,PK,46000,HTTP,2018-02-18 01:55:36,23,1
659,182.190.52.112,80,PK,46000,HTTP,2018-02-18 01:55:37,29,1
660,182.190.52.112,80,PK,46000,HTTP,2018-02-18 01:55:38,24,1
661,182.190.52.112,80,PK,46000,HTTP,2018-02-18 01:55:39,22,1
662,182.190.52.112,80,PK,46000,HTTP,2018-02-18 01:55:40,12,0
663,182.190.52.112,80,PK,46000,HTTP,2018-02-18 01:55:41,8,0
664,182.190.52.112,80,PK,46000,HTTP,2018-02-18 01:55:42,6,0
665,182.190.52.112,80,PK,46000,HTTP,2018-02-18 01:55:43,3,0
666,182.190.52.112,80,PK,46000,HTTP,2018-02-18 01:55:44,3,0
667,182.190.52.112,80,PK,46000,HTTP,2018-02-18 01:55:45,15,0
668,182.190.52.112,80,PK,46000,HTTP,2018-02-18 01:55:46,10,0
669,182.190.52.112,80,PK,46000,HTTP,2018-02-18 01:55:47,10,0
670,182.190.52.112,80,PK,46000,HTTP,2018-02-18 01:55:48,10,0
671,182.190.52.112,80,PK,46000,HTTP,2018-02-18 01:55:49,14,0
672,182.190.52.112,80,PK,46000,HTTP,2018-02-18 01:55:50,16,1
673,182.190.52.112,80,PK,46000,HTTP,2018-02-18 01:55:51,24,1
674,182.190.52.112,80,PK,46000,HTTP,2018-02-18 01:55:52,20,1
675,182.190.52.112,80,PK,46000,HTTP,2018-02-18 01:55:53,21,1
676,182.190.52.112,80,PK,46000,HTTP,2018-02-18 01:55:54,24,1
677,182.190.52.112,80,PK,46000,HTTP,2018-02-18 01:55:55,21,1
678,182.190.52.112,80,PK,46000,HTTP,2018-02-18 01:55:56,12,0
679,182.190.52.112,80,PK,46000,HTTP,2018-02-18 01:55:57,9,0
680,182.190.52.112,80,PK,46000,HTTP,2018-02-18 01:55:58,9,0
681,182.190.52.112,80,PK,46000,HTTP,2018-02-18 01:55:59,18,1
682,182.190.52.112,80,PK,46000,HTTP,2018-02-18 01:56:00,16,1
683,182.190.52.112,80,PK,46000,HTTP,2018-02-18 01:56:01,16,1
684,182.190.52.112,80,PK,46000,HTTP,2018-02-18 01:56:02,17,1
685,182.190.52.112,80,PK,46000,HTTP,2018-02-18 01:56:03,13,0
686,182.190.52.112,80,PK,46000,HTTP,2018-02-18 01:56:04,13,0
687,182.190.52.112,80,PK,46000,HTTP,2018-02-18 01:56:05,16,1
688,45.55.49.75,80,US,7014,HTTP,2018-02-18 02:02:49,1,0
689,182.190.52.112,80,PK,46000,HTTP,2018-02-18 02:08:00,11,0
690,182.190.52.112,80,PK,46000,HTTP,2018-02-18 02:08:01,6,0
691,182.190.52.112,80,PK,46000,HTTP,2018-02-18 02:08:02,18,1
692,182.190.52.112,80,PK,46000,HTTP,2018-02-18 02:08:03,28,1
693,182.190.52.112,80,PK,46000,HTTP,2018-02-18 02:08:04,30,1
694,182.190.52.112,80,PK,46000,HTTP,2018-02-18 02:08:05,26,1
695,182.190.52.112,80,PK,46000,HTTP,2018-02-18 02:08:06,21,1
696,182.190.52.112,80,PK,46000,HTTP,2018-02-18 02:08:07,16,1
697,182.190.52.112,80,PK,46000,HTTP,2018-02-18 02:08:08,20,1
698,182.190.52.112,80,PK,46000,HTTP,2018-02-18 02:08:09,25,1
699,182.190.52.112,80,PK,46000,HTTP,2018-02-18 02:08:10,11,0
700,182.190.52.112,80,PK,46000,HTTP,2018-02-18 02:08:11,17,1
701,182.190.52.112,80,PK,46000,HTTP,2018-02-18 02:08:12,10,0
702,182.190.52.112,80,PK,46000,HTTP,2018-02-18 02:08:13,7,0
703,182.190.52.112,80,PK,46000,HTTP,2018-02-18 02:08:14,2,0
704,182.190.52.112,80,PK,46000,HTTP,2018-02-18 02:08:15,26,1
705,182.190.52.112,80,PK,46000,HTTP,2018-02-18 02:08:16,23,1
706,182.190.52.112,80,PK,46000,HTTP,2018-02-18 02:08:17,10,0
707,182.190.52.112,80,PK,46000,HTTP,2018-02-18 02:08:18,13,0
708,182.190.52.112,80,PK,46000,HTTP,2018-02-18 02:08:19,12,0
709,182.190.52.112,80,PK,46000,HTTP,2018-02-18 02:08:20,6,0
710,182.190.52.112,80,PK,46000,HTTP,2018-02-18 02:08:22,9,0
711,182.190.52.112,80,PK,46000,HTTP,2018-02-18 02:08:23,3,0
712,182.190.52.112,80,PK,46000,HTTP,2018-02-18 02:08:24,4,0
713,182.190.52.112,80,PK,46000,HTTP,2018-02-18 02:08:25,5,0
714,182.190.52.112,80,PK,46000,HTTP,2018-02-18 02:08:28,2,0
715,182.190.52.112,80,PK,46000,HTTP,2018-02-18 02:08:29,21,1
716,182.190.52.112,80,PK,46000,HTTP,2018-02-18 02:08:30,10,0
723,173.252.85.26,80,US,94025,HTTP,2018-02-19 23:48:07,1,0
725,99.194.24.145,80,US,27302,HTTP,2018-02-19 23:48:25,1,0
726,5.165.240.41,80,RU,344001,HTTP,2018-02-19 23:53:38,1,0
727,5.165.240.41,80,RU,344001,HTTP,2018-02-19 23:54:20,8,0
728,5.165.240.41,80,RU,344001,HTTP,2018-02-19 23:54:21,21,1
729,5.165.240.41,80,RU,344001,HTTP,2018-02-19 23:54:22,24,1
730,5.165.240.41,80,RU,344001,HTTP,2018-02-19 23:54:23,23,1
731,5.165.240.41,80,RU,344001,HTTP,2018-02-19 23:54:24,16,1
732,5.165.240.41,80,RU,344001,HTTP,2018-02-19 23:54:25,27,1
733,5.165.240.41,80,RU,344001,HTTP,2018-02-19 23:54:26,33,1
734,5.165.240.41,80,RU,344001,HTTP,2018-02-19 23:54:27,26,1
735,5.165.240.41,80,RU,344001,HTTP,2018-02-19 23:54:28,25,1
736,5.165.240.41,80,RU,344001,HTTP,2018-02-19 23:54:29,26,1
737,5.165.240.41,80,RU,344001,HTTP,2018-02-19 23:54:30,22,1
738,5.165.240.41,80,RU,344001,HTTP,2018-02-19 23:54:31,29,1
739,5.165.240.41,80,RU,344001,HTTP,2018-02-19 23:54:32,17,1
740,5.165.240.41,80,RU,344001,HTTP,2018-02-19 23:54:33,37,1
741,5.165.240.41,80,RU,344001,HTTP,2018-02-19 23:54:34,38,1
742,5.165.240.41,80,RU,344001,HTTP,2018-02-19 23:54:35,9,0
743,5.165.240.41,80,RU,344001,HTTP,2018-02-19 23:54:36,8,0
744,5.165.240.41,80,RU,344001,HTTP,2018-02-19 23:54:37,35,1
745,5.165.240.41,80,RU,344001,HTTP,2018-02-19 23:54:38,31,1
746,5.165.240.41,80,RU,344001,HTTP,2018-02-19 23:54:39,37,1
747,5.165.240.41,80,RU,344001,HTTP,2018-02-19 23:54:40,35,1
748,5.165.240.41,80,RU,344001,HTTP,2018-02-19 23:54:41,37,1
749,5.165.240.41,80,RU,344001,HTTP,2018-02-19 23:54:42,38,1
750,5.165.240.41,80,RU,344001,HTTP,2018-02-19 23:54:43,39,1
751,5.165.240.41,80,RU,344001,HTTP,2018-02-19 23:54:44,34,1
752,5.165.240.41,80,RU,344001,HTTP,2018-02-19 23:54:45,20,1
753,5.165.240.41,80,RU,344001,HTTP,2018-02-19 23:54:46,19,1
754,5.165.240.41,80,RU,344001,HTTP,2018-02-19 23:54:47,23,1
755,5.165.240.41,80,RU,344001,HTTP,2018-02-19 23:54:48,15,0
756,5.165.240.41,80,RU,344001,HTTP,2018-02-19 23:54:49,31,1
757,5.165.240.41,80,RU,344001,HTTP,2018-02-19 23:54:50,29,1
758,5.165.240.41,80,RU,344001,HTTP,2018-02-19 23:54:51,26,1
759,5.165.240.41,80,RU,344001,HTTP,2018-02-19 23:54:52,30,1
760,5.165.240.41,80,RU,344001,HTTP,2018-02-19 23:54:53,29,1
761,5.165.240.41,80,RU,344001,HTTP,2018-02-19 23:54:54,25,1
762,5.165.240.41,80,RU,344001,HTTP,2018-02-19 23:54:55,25,1
763,5.165.240.41,80,RU,344001,HTTP,2018-02-19 23:54:56,19,1
764,5.165.240.41,80,RU,344001,HTTP,2018-02-19 23:54:57,18,1
765,5.165.240.41,80,RU,344001,HTTP,2018-02-19 23:54:58,19,1
766,5.165.240.41,80,RU,344001,HTTP,2018-02-19 23:54:59,30,1
767,5.165.240.41,80,RU,344001,HTTP,2018-02-19 23:55:00,35,1
768,5.165.240.41,80,RU,344001,HTTP,2018-02-19 23:55:01,35,1
769,5.165.240.41,80,RU,344001,HTTP,2018-02-19 23:55:02,32,1
770,5.165.240.41,80,RU,344001,HTTP,2018-02-19 23:55:03,33,1
771,5.165.240.41,80,RU,344001,HTTP,2018-02-19 23:55:04,38,1
772,5.165.240.41,80,RU,344001,HTTP,2018-02-19 23:55:05,38,1
773,5.165.240.41,80,RU,344001,HTTP,2018-02-19 23:55:06,41,1
774,5.165.240.41,80,RU,344001,HTTP,2018-02-19 23:55:07,11,0
775,5.165.240.41,80,RU,344001,HTTP,2018-02-19 23:55:08,35,1
776,5.165.240.41,80,RU,344001,HTTP,2018-02-19 23:55:09,48,1
777,5.165.240.41,80,RU,344001,HTTP,2018-02-19 23:55:10,41,1
778,5.165.240.41,80,RU,344001,HTTP,2018-02-19 23:55:11,45,1
779,5.165.240.41,80,RU,344001,HTTP,2018-02-19 23:55:12,31,1
780,5.165.240.41,80,RU,344001,HTTP,2018-02-19 23:55:13,14,0
781,5.165.240.41,80,RU,344001,HTTP,2018-02-19 23:55:14,9,0
782,5.165.240.41,80,RU,344001,HTTP,2018-02-19 23:55:15,20,1
783,5.165.240.41,80,RU,344001,HTTP,2018-02-19 23:55:16,36,1
784,5.165.240.41,80,RU,344001,HTTP,2018-02-19 23:55:17,30,1
785,5.165.240.41,80,RU,344001,HTTP,2018-02-19 23:55:18,32,1
786,5.165.240.41,80,RU,344001,HTTP,2018-02-19 23:55:19,40,1
787,5.165.240.41,80,RU,344001,HTTP,2018-02-19 23:55:20,22,1
788,5.165.240.41,80,RU,344001,HTTP,2018-02-19 23:55:21,34,1
789,5.165.240.41,80,RU,344001,HTTP,2018-02-19 23:55:22,35,1
790,5.165.240.41,80,RU,344001,HTTP,2018-02-19 23:55:23,13,0
791,5.165.240.41,80,RU,344001,HTTP,2018-02-19 23:55:25,16,1
792,5.165.240.41,80,RU,344001,HTTP,2018-02-19 23:55:26,43,1
793,5.165.240.41,80,RU,344001,HTTP,2018-02-19 23:55:27,41,1
794,5.165.240.41,80,RU,344001,HTTP,2018-02-19 23:55:28,15,0
795,5.165.240.41,80,RU,344001,HTTP,2018-02-19 23:55:29,34,1
796,5.165.240.41,80,RU,344001,HTTP,2018-02-19 23:55:30,45,1
797,5.165.240.41,80,RU,344001,HTTP,2018-02-19 23:55:31,33,1
798,5.165.240.41,80,RU,344001,HTTP,2018-02-19 23:55:36,3,0
799,5.165.240.41,80,RU,344001,HTTP,2018-02-19 23:55:38,5,0
800,5.165.240.41,80,RU,344001,HTTP,2018-02-19 23:55:39,33,1
801,5.165.240.41,80,RU,344001,HTTP,2018-02-19 23:55:40,43,1
802,5.165.240.41,80,RU,344001,HTTP,2018-02-19 23:55:41,42,1
803,5.165.240.41,80,RU,344001,HTTP,2018-02-19 23:55:42,41,1
804,5.165.240.41,80,RU,344001,HTTP,2018-02-19 23:55:43,42,1
805,5.165.240.41,80,RU,344001,HTTP,2018-02-19 23:55:44,47,1
806,5.165.240.41,80,RU,344001,HTTP,2018-02-19 23:55:45,40,1
807,5.165.240.41,80,RU,344001,HTTP,2018-02-19 23:55:46,44,1
808,5.165.240.41,80,RU,344001,HTTP,2018-02-19 23:55:47,46,1
809,5.165.240.41,80,RU,344001,HTTP,2018-02-19 23:55:48,29,1
810,61.6.121.241,80,MY,40100,HTTP,2018-02-19 23:56:59,20,1
811,61.6.121.241,80,MY,40100,HTTP,2018-02-19 23:57:00,15,0
812,61.6.121.241,80,MY,40100,HTTP,2018-02-19 23:57:01,12,0
813,61.6.121.241,80,MY,40100,HTTP,2018-02-19 23:57:02,23,1
814,61.6.121.241,80,MY,40100,HTTP,2018-02-19 23:57:03,18,1
815,61.6.121.241,80,MY,40100,HTTP,2018-02-19 23:57:04,17,1
816,61.6.121.241,80,MY,40100,HTTP,2018-02-19 23:57:05,7,0
817,61.6.121.241,80,MY,40100,HTTP,2018-02-19 23:57:07,5,0
818,61.6.121.241,80,MY,40100,HTTP,2018-02-19 23:57:08,25,1
819,61.6.121.241,80,MY,40100,HTTP,2018-02-19 23:57:09,23,1
820,61.6.121.241,80,MY,40100,HTTP,2018-02-19 23:57:10,18,1
821,61.6.121.241,80,MY,40100,HTTP,2018-02-19 23:57:11,22,1
822,61.6.121.241,80,MY,40100,HTTP,2018-02-19 23:57:12,22,1
823,61.6.121.241,80,MY,40100,HTTP,2018-02-19 23:57:13,20,1
824,61.6.121.241,80,MY,40100,HTTP,2018-02-19 23:57:14,14,0
825,61.6.121.241,80,MY,40100,HTTP,2018-02-19 23:57:15,19,1
826,61.6.121.241,80,MY,40100,HTTP,2018-02-19 23:57:16,21,1
827,61.6.121.241,80,MY,40100,HTTP,2018-02-19 23:57:17,17,1
828,61.6.121.241,80,MY,40100,HTTP,2018-02-19 23:57:18,21,1
829,61.6.121.241,80,MY,40100,HTTP,2018-02-19 23:57:19,20,1
830,61.6.121.241,80,MY,40100,HTTP,2018-02-19 23:57:20,16,1
831,61.6.121.241,80,MY,40100,HTTP,2018-02-19 23:57:21,23,1
832,61.6.121.241,80,MY,40100,HTTP,2018-02-19 23:57:22,20,1
833,61.6.121.241,80,MY,40100,HTTP,2018-02-19 23:57:23,22,1
834,61.6.121.241,80,MY,40100,HTTP,2018-02-19 23:57:24,22,1
835,61.6.121.241,80,MY,40100,HTTP,2018-02-19 23:57:25,24,1
836,61.6.121.241,80,MY,40100,HTTP,2018-02-19 23:57:26,23,1
837,61.6.121.241,80,MY,40100,HTTP,2018-02-19 23:57:27,16,1
838,61.6.121.241,80,MY,40100,HTTP,2018-02-19 23:57:28,22,1
839,61.6.121.241,80,MY,40100,HTTP,2018-02-19 23:57:29,18,1
840,61.6.121.241,80,MY,40100,HTTP,2018-02-19 23:57:30,17,1
841,61.6.121.241,80,MY,40100,HTTP,2018-02-19 23:57:31,23,1
842,61.6.121.241,80,MY,40100,HTTP,2018-02-19 23:57:32,18,1
843,61.6.121.241,80,MY,40100,HTTP,2018-02-19 23:57:33,22,1
844,61.6.121.241,80,MY,40100,HTTP,2018-02-19 23:57:34,17,1
845,61.6.121.241,80,MY,40100,HTTP,2018-02-19 23:57:35,18,1
846,61.6.121.241,80,MY,40100,HTTP,2018-02-19 23:57:36,19,1
847,61.6.121.241,80,MY,40100,HTTP,2018-02-19 23:57:37,15,0
848,61.6.121.241,80,MY,40100,HTTP,2018-02-19 23:57:38,20,1
849,61.6.121.241,80,MY,40100,HTTP,2018-02-19 23:57:39,18,1
850,61.6.121.241,80,MY,40100,HTTP,2018-02-19 23:57:40,19,1
851,61.6.121.241,80,MY,40100,HTTP,2018-02-19 23:57:41,26,1
852,61.6.121.241,80,MY,40100,HTTP,2018-02-19 23:57:42,19,1
853,61.6.121.241,80,MY,40100,HTTP,2018-02-19 23:57:43,25,1
854,61.6.121.241,80,MY,40100,HTTP,2018-02-19 23:57:44,17,1
855,61.6.121.241,80,MY,40100,HTTP,2018-02-19 23:57:45,24,1
856,61.6.121.241,80,MY,40100,HTTP,2018-02-19 23:57:46,20,1
857,61.6.121.241,80,MY,40100,HTTP,2018-02-19 23:57:47,18,1
858,61.6.121.241,80,MY,40100,HTTP,2018-02-19 23:57:48,16,1
859,61.6.121.241,80,MY,40100,HTTP,2018-02-19 23:57:49,17,1
860,61.6.121.241,80,MY,40100,HTTP,2018-02-19 23:57:50,17,1
861,61.6.121.241,80,MY,40100,HTTP,2018-02-19 23:57:51,18,1
862,61.6.121.241,80,MY,40100,HTTP,2018-02-19 23:57:52,18,1
863,61.6.121.241,80,MY,40100,HTTP,2018-02-19 23:57:53,15,0
864,61.6.121.241,80,MY,40100,HTTP,2018-02-19 23:57:54,19,1
865,61.6.121.241,80,MY,40100,HTTP,2018-02-19 23:57:55,18,1
866,61.6.121.241,80,MY,40100,HTTP,2018-02-19 23:57:56,18,1
867,61.6.121.241,80,MY,40100,HTTP,2018-02-19 23:57:57,22,1
868,61.6.121.241,80,MY,40100,HTTP,2018-02-19 23:57:58,18,1
869,61.6.121.241,80,MY,40100,HTTP,2018-02-19 23:57:59,20,1
870,61.6.121.241,80,MY,40100,HTTP,2018-02-19 23:58:00,20,1
871,61.6.121.241,80,MY,40100,HTTP,2018-02-19 23:58:01,14,0
872,61.6.121.241,80,MY,40100,HTTP,2018-02-19 23:58:02,21,1
873,61.6.121.241,80,MY,40100,HTTP,2018-02-19 23:58:03,14,0
874,61.6.121.241,80,MY,40100,HTTP,2018-02-19 23:58:04,16,1
875,61.6.121.241,80,MY,40100,HTTP,2018-02-19 23:58:05,18,1
876,61.6.121.241,80,MY,40100,HTTP,2018-02-19 23:58:06,21,1
877,61.6.121.241,80,MY,40100,HTTP,2018-02-19 23:58:07,16,1
878,61.6.121.241,80,MY,40100,HTTP,2018-02-19 23:58:08,24,1
879,61.6.121.241,80,MY,40100,HTTP,2018-02-19 23:58:09,22,1
880,61.6.121.241,80,MY,40100,HTTP,2018-02-19 23:58:10,14,0
881,61.6.121.241,80,MY,40100,HTTP,2018-02-19 23:58:11,18,1
882,61.6.121.241,80,MY,40100,HTTP,2018-02-19 23:58:12,13,0
883,61.6.121.241,80,MY,40100,HTTP,2018-02-19 23:58:13,11,0
884,61.6.121.241,80,MY,40100,HTTP,2018-02-19 23:58:14,14,0
885,61.6.121.241,80,MY,40100,HTTP,2018-02-19 23:58:15,8,0
886,61.6.121.241,80,MY,40100,HTTP,2018-02-19 23:58:16,17,1
887,61.6.121.241,80,MY,40100,HTTP,2018-02-19 23:58:17,14,0
888,61.6.121.241,80,MY,40100,HTTP,2018-02-19 23:58:18,6,0
889,61.6.121.241,80,MY,40100,HTTP,2018-02-19 23:58:19,2,0
890,92.244.219.171,80,SE,33102,HTTP,2018-02-19 23:58:42,8,0
891,92.244.219.171,80,SE,33102,HTTP,2018-02-19 23:58:43,8,0
892,92.244.219.171,80,SE,33102,HTTP,2018-02-19 23:58:44,8,0
893,92.244.219.171,80,SE,33102,HTTP,2018-02-19 23:58:45,18,1
894,92.244.219.171,80,SE,33102,HTTP,2018-02-19 23:58:46,19,1
895,92.244.219.171,80,SE,33102,HTTP,2018-02-19 23:58:47,18,1
896,92.244.219.171,80,SE,33102,HTTP,2018-02-19 23:58:48,20,1
897,92.244.219.171,80,SE,33102,HTTP,2018-02-19 23:58:49,16,1
898,92.244.219.171,80,SE,33102,HTTP,2018-02-19 23:58:50,14,0
899,92.244.219.171,80,SE,33102,HTTP,2018-02-19 23:58:51,16,1
900,92.244.219.171,80,SE,33102,HTTP,2018-02-19 23:58:52,16,1
901,92.244.219.171,80,SE,33102,HTTP,2018-02-19 23:58:53,16,1
902,92.244.219.171,80,SE,33102,HTTP,2018-02-19 23:58:54,18,1
903,92.244.219.171,80,SE,33102,HTTP,2018-02-19 23:58:55,19,1
904,92.244.219.171,80,SE,33102,HTTP,2018-02-19 23:58:56,19,1
905,92.244.219.171,80,SE,33102,HTTP,2018-02-19 23:58:57,26,1
906,92.244.219.171,80,SE,33102,HTTP,2018-02-19 23:58:58,24,1
907,92.244.219.171,80,SE,33102,HTTP,2018-02-19 23:58:59,24,1
908,92.244.219.171,80,SE,33102,HTTP,2018-02-19 23:59:00,24,1
909,92.244.219.171,80,SE,33102,HTTP,2018-02-19 23:59:01,21,1
910,92.244.219.171,80,SE,33102,HTTP,2018-02-19 23:59:02,23,1
911,92.244.219.171,80,SE,33102,HTTP,2018-02-19 23:59:03,16,1
912,92.244.219.171,80,SE,33102,HTTP,2018-02-19 23:59:04,20,1
913,92.244.219.171,80,SE,33102,HTTP,2018-02-19 23:59:05,15,0
914,92.244.219.171,80,SE,33102,HTTP,2018-02-19 23:59:06,16,1
915,92.244.219.171,80,SE,33102,HTTP,2018-02-19 23:59:07,11,0
916,92.244.219.171,80,SE,33102,HTTP,2018-02-19 23:59:08,15,0
917,92.244.219.171,80,SE,33102,HTTP,2018-02-19 23:59:09,17,1
918,92.244.219.171,80,SE,33102,HTTP,2018-02-19 23:59:10,17,1
919,92.244.219.171,80,SE,33102,HTTP,2018-02-19 23:59:11,16,1
920,92.244.219.171,80,SE,33102,HTTP,2018-02-19 23:59:12,22,1
921,92.244.219.171,80,SE,33102,HTTP,2018-02-19 23:59:13,17,1
922,92.244.219.171,80,SE,33102,HTTP,2018-02-19 23:59:14,18,1
923,92.244.219.171,80,SE,33102,HTTP,2018-02-19 23:59:15,20,1
924,92.244.219.171,80,SE,33102,HTTP,2018-02-19 23:59:16,18,1
925,92.244.219.171,80,SE,33102,HTTP,2018-02-19 23:59:17,14,0
926,92.244.219.171,80,SE,33102,HTTP,2018-02-19 23:59:18,9,0
927,92.244.219.171,80,SE,33102,HTTP,2018-02-19 23:59:19,12,0
928,92.244.219.171,80,SE,33102,HTTP,2018-02-19 23:59:20,20,1
929,92.244.219.171,80,SE,33102,HTTP,2018-02-19 23:59:21,10,0
930,92.244.219.171,80,SE,33102,HTTP,2018-02-19 23:59:22,17,1
931,92.244.219.171,80,SE,33102,HTTP,2018-02-19 23:59:23,14,0
932,92.244.219.171,80,SE,33102,HTTP,2018-02-19 23:59:24,18,1
933,92.244.219.171,80,SE,33102,HTTP,2018-02-19 23:59:25,13,0
934,92.244.219.171,80,SE,33102,HTTP,2018-02-19 23:59:26,15,0
935,92.244.219.171,80,SE,33102,HTTP,2018-02-19 23:59:27,14,0
936,92.244.219.171,80,SE,33102,HTTP,2018-02-19 23:59:28,14,0
937,92.244.219.171,80,SE,33102,HTTP,2018-02-19 23:59:29,16,1
938,92.244.219.171,80,SE,33102,HTTP,2018-02-19 23:59:30,19,1
939,92.244.219.171,80,SE,33102,HTTP,2018-02-19 23:59:31,17,1
940,92.244.219.171,80,SE,33102,HTTP,2018-02-19 23:59:32,18,1
941,92.244.219.171,80,SE,33102,HTTP,2018-02-19 23:59:33,12,0
942,92.244.219.171,80,SE,33102,HTTP,2018-02-19 23:59:34,17,1
943,92.244.219.171,80,SE,33102,HTTP,2018-02-19 23:59:35,15,0
944,92.244.219.171,80,SE,33102,HTTP,2018-02-19 23:59:36,13,0
945,92.244.219.171,80,SE,33102,HTTP,2018-02-19 23:59:37,18,1
946,92.244.219.171,80,SE,33102,HTTP,2018-02-19 23:59:38,25,1
947,92.244.219.171,80,SE,33102,HTTP,2018-02-19 23:59:39,20,1
948,92.244.219.171,80,SE,33102,HTTP,2018-02-19 23:59:40,20,1
949,92.244.219.171,80,SE,33102,HTTP,2018-02-19 23:59:41,18,1
950,92.244.219.171,80,SE,33102,HTTP,2018-02-19 23:59:42,20,1
951,92.244.219.171,80,SE,33102,HTTP,2018-02-19 23:59:43,19,1
952,92.244.219.171,80,SE,33102,HTTP,2018-02-19 23:59:44,22,1
953,92.244.219.171,80,SE,33102,HTTP,2018-02-19 23:59:45,17,1
954,92.244.219.171,80,SE,33102,HTTP,2018-02-19 23:59:46,19,1
955,92.244.219.171,80,SE,33102,HTTP,2018-02-19 23:59:47,28,1
956,92.244.219.171,80,SE,33102,HTTP,2018-02-19 23:59:48,25,1
957,92.244.219.171,80,SE,33102,HTTP,2018-02-19 23:59:49,24,1
958,92.244.219.171,80,SE,33102,HTTP,2018-02-19 23:59:50,24,1
959,92.244.219.171,80,SE,33102,HTTP,2018-02-19 23:59:51,25,1
960,92.244.219.171,80,SE,33102,HTTP,2018-02-19 23:59:52,30,1
961,92.244.219.171,80,SE,33102,HTTP,2018-02-19 23:59:53,21,1
962,92.244.219.171,80,SE,33102,HTTP,2018-02-19 23:59:54,20,1
963,92.244.219.171,80,SE,33102,HTTP,2018-02-19 23:59:55,25,1
964,92.244.219.171,80,SE,33102,HTTP,2018-02-19 23:59:56,25,1
965,92.244.219.171,80,SE,33102,HTTP,2018-02-19 23:59:57,15,0
966,92.244.219.171,80,SE,33102,HTTP,2018-02-19 23:59:58,13,0
967,92.244.219.171,80,SE,33102,HTTP,2018-02-19 23:59:59,22,1
968,92.244.219.171,80,SE,33102,HTTP,2018-02-20 00:00:00,24,1
969,92.244.219.171,80,SE,33102,HTTP,2018-02-20 00:00:01,27,1
970,92.244.219.171,80,SE,33102,HTTP,2018-02-20 00:00:02,17,1
971,92.244.219.171,80,SE,33102,HTTP,2018-02-20 00:00:03,11,0
972,92.244.219.171,80,SE,33102,HTTP,2018-02-20 00:00:04,13,0
973,92.244.219.171,80,SE,33102,HTTP,2018-02-20 00:00:05,7,0
974,92.244.219.171,80,SE,33102,HTTP,2018-02-20 00:00:06,8,0
975,92.244.219.171,80,SE,33102,HTTP,2018-02-20 00:00:07,11,0
976,92.244.219.171,80,SE,33102,HTTP,2018-02-20 00:00:08,19,1
977,92.244.219.171,80,SE,33102,HTTP,2018-02-20 00:00:09,7,0
979,104.131.130.65,80,US,94124,HTTP,2018-02-20 00:05:58,28,1
980,104.131.130.65,80,US,94124,HTTP,2018-02-20 00:05:59,32,1
981,104.131.130.65,80,US,94124,HTTP,2018-02-20 00:06:00,33,1
982,104.131.130.65,80,US,94124,HTTP,2018-02-20 00:06:01,32,1
983,104.131.130.65,80,US,94124,HTTP,2018-02-20 00:06:02,31,1
984,104.131.130.65,80,US,94124,HTTP,2018-02-20 00:06:03,32,1
985,104.131.130.65,80,US,94124,HTTP,2018-02-20 00:06:04,31,1
986,104.131.130.65,80,US,94124,HTTP,2018-02-20 00:06:05,27,1
987,104.131.130.65,80,US,94124,HTTP,2018-02-20 00:06:06,38,1
988,104.131.130.65,80,US,94124,HTTP,2018-02-20 00:06:07,30,1
989,104.131.130.65,80,US,94124,HTTP,2018-02-20 00:06:08,32,1
990,104.131.130.65,80,US,94124,HTTP,2018-02-20 00:06:09,32,1
991,104.131.130.65,80,US,94124,HTTP,2018-02-20 00:06:10,31,1
992,104.131.130.65,80,US,94124,HTTP,2018-02-20 00:06:11,32,1
993,104.131.130.65,80,US,94124,HTTP,2018-02-20 00:06:12,30,1
994,104.131.130.65,80,US,94124,HTTP,2018-02-20 00:06:13,33,1
995,104.131.130.65,80,US,94124,HTTP,2018-02-20 00:06:14,31,1
996,104.131.130.65,80,US,94124,HTTP,2018-02-20 00:06:15,34,1
997,104.131.130.65,80,US,94124,HTTP,2018-02-20 00:06:16,32,1
998,104.131.130.65,80,US,94124,HTTP,2018-02-20 00:06:17,28,1
999,104.131.130.65,80,US,94124,HTTP,2018-02-20 00:06:18,31,1
1000,104.131.130.65,80,US,94124,HTTP,2018-02-20 00:06:19,21,1
1001,104.131.130.65,80,US,94124,HTTP,2018-02-20 00:06:20,21,1
1002,104.131.130.65,80,US,94124,HTTP,2018-02-20 00:06:21,27,1
1003,104.131.130.65,80,US,94124,HTTP,2018-02-20 00:06:22,32,1
1004,104.131.130.65,80,US,94124,HTTP,2018-02-20 00:06:23,30,1
1005,104.131.130.65,80,US,94124,HTTP,2018-02-20 00:06:24,41,1
1006,104.131.130.65,80,US,94124,HTTP,2018-02-20 00:06:25,41,1
1007,104.131.130.65,80,US,94124,HTTP,2018-02-20 00:06:26,34,1
1008,104.131.130.65,80,US,94124,HTTP,2018-02-20 00:06:27,37,1
1009,104.131.130.65,80,US,94124,HTTP,2018-02-20 00:06:28,15,0
1010,104.131.130.65,80,US,94124,HTTP,2018-02-20 00:06:29,14,0
1011,104.131.130.65,80,US,94124,HTTP,2018-02-20 00:06:30,31,1
1012,104.131.130.65,80,US,94124,HTTP,2018-02-20 00:06:31,33,1
1013,104.131.130.65,80,US,94124,HTTP,2018-02-20 00:06:32,32,1
1014,104.131.130.65,80,US,94124,HTTP,2018-02-20 00:06:33,24,1
1015,104.131.130.65,80,US,94124,HTTP,2018-02-20 00:06:34,13,0
1016,104.131.130.65,80,US,94124,HTTP,2018-02-20 00:06:35,18,1
1017,104.131.130.65,80,US,94124,HTTP,2018-02-20 00:06:36,32,1
1018,104.131.130.65,80,US,94124,HTTP,2018-02-20 00:06:37,28,1
1019,104.131.130.65,80,US,94124,HTTP,2018-02-20 00:06:38,13,0
1021,211.110.140.205,80,KR,1508,HTTP,2018-02-20 00:22:02,18,1
1022,211.110.140.205,80,KR,1508,HTTP,2018-02-20 00:22:03,31,1
1023,211.110.140.205,80,KR,1508,HTTP,2018-02-20 00:22:04,32,1
1024,211.110.140.205,80,KR,1508,HTTP,2018-02-20 00:22:05,33,1
1025,211.110.140.205,80,KR,1508,HTTP,2018-02-20 00:22:06,31,1
1026,211.110.140.205,80,KR,1508,HTTP,2018-02-20 00:22:07,33,1
1027,211.110.140.205,80,KR,1508,HTTP,2018-02-20 00:22:08,31,1
1028,211.110.140.205,80,KR,1508,HTTP,2018-02-20 00:22:09,31,1
1029,211.110.140.205,80,KR,1508,HTTP,2018-02-20 00:22:10,34,1
1030,211.110.140.205,80,KR,1508,HTTP,2018-02-20 00:22:11,31,1
1031,211.110.140.205,80,KR,1508,HTTP,2018-02-20 00:22:12,31,1
1032,211.110.140.205,80,KR,1508,HTTP,2018-02-20 00:22:13,32,1
1033,211.110.140.205,80,KR,1508,HTTP,2018-02-20 00:22:14,31,1
1034,211.110.140.205,80,KR,1508,HTTP,2018-02-20 00:22:15,33,1
1035,211.110.140.205,80,KR,1508,HTTP,2018-02-20 00:22:16,31,1
1036,211.110.140.205,80,KR,1508,HTTP,2018-02-20 00:22:17,33,1
1037,211.110.140.205,80,KR,1508,HTTP,2018-02-20 00:22:18,32,1
1038,211.110.140.205,80,KR,1508,HTTP,2018-02-20 00:22:19,32,1
1039,211.110.140.205,80,KR,1508,HTTP,2018-02-20 00:22:20,31,1
1040,211.110.140.205,80,KR,1508,HTTP,2018-02-20 00:22:21,32,1
1041,211.110.140.205,80,KR,1508,HTTP,2018-02-20 00:22:22,32,1
1042,211.110.140.205,80,KR,1508,HTTP,2018-02-20 00:22:23,30,1
1043,211.110.140.205,80,KR,1508,HTTP,2018-02-20 00:22:24,31,1
1044,211.110.140.205,80,KR,1508,HTTP,2018-02-20 00:22:25,28,1
1045,211.110.140.205,80,KR,1508,HTTP,2018-02-20 00:22:26,37,1
1046,211.110.140.205,80,KR,1508,HTTP,2018-02-20 00:22:27,34,1
1047,211.110.140.205,80,KR,1508,HTTP,2018-02-20 00:22:28,34,1
1048,211.110.140.205,80,KR,1508,HTTP,2018-02-20 00:22:29,30,1
1049,211.110.140.205,80,KR,1508,HTTP,2018-02-20 00:22:30,33,1
1050,211.110.140.205,80,KR,1508,HTTP,2018-02-20 00:22:31,31,1
1051,211.110.140.205,80,KR,1508,HTTP,2018-02-20 00:22:32,31,1
1052,211.110.140.205,80,KR,1508,HTTP,2018-02-20 00:22:33,30,1
1053,211.110.140.205,80,KR,1508,HTTP,2018-02-20 00:22:34,32,1
1054,211.110.140.205,80,KR,1508,HTTP,2018-02-20 00:22:35,36,1
1055,211.110.140.205,80,KR,1508,HTTP,2018-02-20 00:22:36,30,1
1056,211.110.140.205,80,KR,1508,HTTP,2018-02-20 00:22:37,31,1
1057,211.110.140.205,80,KR,1508,HTTP,2018-02-20 00:22:38,32,1
1058,211.110.140.205,80,KR,1508,HTTP,2018-02-20 00:22:39,33,1
1059,211.110.140.205,80,KR,1508,HTTP,2018-02-20 00:22:40,31,1
1060,211.110.140.205,80,KR,1508,HTTP,2018-02-20 00:22:41,34,1
1061,211.110.140.205,80,KR,1508,HTTP,2018-02-20 00:22:42,28,1
1062,211.110.140.205,80,KR,1508,HTTP,2018-02-20 00:22:43,30,1
1063,211.110.140.205,80,KR,1508,HTTP,2018-02-20 00:22:44,32,1
1064,211.110.140.205,80,KR,1508,HTTP,2018-02-20 00:22:45,33,1
1065,211.110.140.205,80,KR,1508,HTTP,2018-02-20 00:22:46,34,1
1066,211.110.140.205,80,KR,1508,HTTP,2018-02-20 00:22:47,32,1
1067,211.110.140.205,80,KR,1508,HTTP,2018-02-20 00:22:48,32,1
1068,211.110.140.205,80,KR,1508,HTTP,2018-02-20 00:22:49,31,1
1069,211.110.140.205,80,KR,1508,HTTP,2018-02-20 00:22:50,31,1
1070,211.110.140.205,80,KR,1508,HTTP,2018-02-20 00:22:51,33,1
1071,211.110.140.205,80,KR,1508,HTTP,2018-02-20 00:22:52,32,1
1072,211.110.140.205,80,KR,1508,HTTP,2018-02-20 00:22:53,31,1
1073,211.110.140.205,80,KR,1508,HTTP,2018-02-20 00:22:54,30,1
1074,211.110.140.205,80,KR,1508,HTTP,2018-02-20 00:22:55,33,1
1075,211.110.140.205,80,KR,1508,HTTP,2018-02-20 00:22:56,32,1
1076,211.110.140.205,80,KR,1508,HTTP,2018-02-20 00:22:57,33,1
1077,211.110.140.205,80,KR,1508,HTTP,2018-02-20 00:22:58,32,1
1078,211.110.140.205,80,KR,1508,HTTP,2018-02-20 00:22:59,32,1
1079,211.110.140.205,80,KR,1508,HTTP,2018-02-20 00:23:00,32,1
1080,211.110.140.205,80,KR,1508,HTTP,2018-02-20 00:23:01,31,1
1081,211.110.140.205,80,KR,1508,HTTP,2018-02-20 00:23:02,34,1
1082,211.110.140.205,80,KR,1508,HTTP,2018-02-20 00:23:03,28,1
1083,211.110.140.205,80,KR,1508,HTTP,2018-02-20 00:23:04,33,1
1084,211.110.140.205,80,KR,1508,HTTP,2018-02-20 00:23:05,4,0
